V1;Q1;Q2_1;Q2_2;Q2_3;Q2_4;Q2_5;Q2_6;Q2_7;Q2_8;Q2_9;Q2_10;Q2_11;Q3;Q4;Q5;Q7;Q8;Q9_1;Q9_2;Q9_3;Q9_4;Q9_5;Q9_6;Q10_1;Q10_2;Q10_3;Q10_4;Q10_5;Q10_6;Q11_1;Q11_2;Q11_3;Q11_4;Q12_1;Q12_2;Q12_3;Q12_4;Q12_5;Q12_6;Q12_7;Q12_8;Q12_9;Q12_10;Q13;Q14;Q15_1;Q15_2;Q15_3;Q15_4;Q15_5;Q15_6;Q15_7;Q15_8;Q15_9;Q16_1;Q16_2;Q16_3;Q16_4;Q16_5;Q17_1;Q17_2;Q17_3;Q17_4;Q17_5;Q17_6;Q17_7;Q17_8;Q18;Q19;Q20;Q21;Q22;Q23;FAC1_1;FAC2_1;FAC3_1;FAC4_1;FAC5_1;FAC6_1;FAC7_1;FAC8_1;CLU5_1;CLU6_2;QCL_1;ID
R_3NQTgz9ZDw2Ca89;3,00;10,00;8,00;10,00;1,00;9,00;8,00;10,00;9,00;10,00;6,00;7,00;2,00;3;0,00;2;2;1;0;0;0;0;0;10,00;9,00;9,00;1,00;1,00;1,00;1,00;1,00;8,00;8,00;10,00;6,00;8,00;1,00;1,00;1,00;7,00;1,00;10,00;8,00;1;12,00;9;9;6;7;1;7;6;8;1;7,00;9,00;6,00;1,00;1,00;6,00;10,00;7,00;10,00;8,00;10,00;10,00;7,00;1;18,00;1;2;1;1;-1,04995;0,65273;1,00586;-1,62816;0,39664;0,83032;-0,05131;0,30767;5;6;5;179,00
R_3rMX7baVY4RYbk5;5,00;8,00;6,00;6,00;4,00;8,00;8,00;8,00;8,00;8,00;9,00;8,00;7,00;3;3,00;3;1;1;1;0;1;0;0;9,00;9,00;9,00;3,00;8,00;1,00;4,00;2,00;9,00;7,00;7,00;2,00;8,00;6,00;9,00;1,00;7,00;3,00;9,00;5,00;1;6,00;8;6;4;7;6;7;4;7;5;8,00;10,00;7,00;1,00;4,00;7,00;8,00;8,00;8,00;7,00;8,00;6,00;8,00;2;21,00;1;3;1;2;0,29261;0,58774;1,15238;-0,99395;-0,37151;-0,13533;0,00960;-0,51750;4;5;5;44,00
R_2xzur8lhJbZsM3q;3,00;7,00;4,00;9,00;4,00;7,00;9,00;8,00;5,00;9,00;7,00;3,00;7,00;3;0,00;1;2;0;1;0;0;0;0;8,00;8,00;8,00;5,00;2,00;2,00;3,00;2,00;5,00;8,00;9,00;5,00;8,00;2,00;2,00;2,00;9,00;2,00;9,00;2,00;1;5,00;8;7;4;9;6;8;4;5;7;8,00;10,00;9,00;4,00;1,00;9,00;10,00;8,00;10,00;10,00;7,00;5,00;9,00;2;22,00;1;3;1;2;-0,33986;-0,21677;0,79220;-1,55460;0,11934;-0,11634;-0,81523;-0,34529;4;5;5;89,00
R_24LV0j7u6fuDL1m;2,00;8,00;4,00;6,00;2,00;9,00;9,00;5,00;10,00;9,00;7,00;8,00;8,00;1;1,00;0;2;1;0;0;0;0;0;5,00;8,00;7,00;7,00;1,00;6,00;8,00;5,00;7,00;9,00;9,00;5,00;10,00;1,00;2,00;2,00;2,00;2,00;7,00;6,00;1;12,00;6;9;7;9;7;6;5;6;7;9,00;10,00;4,00;1,00;6,00;6,00;9,00;7,00;9,00;8,00;5,00;8,00;6,00;1;19,00;1;1;1;1;-1,31550;0,07468;-0,28488;0,14328;-0,36515;0,12549;0,87932;0,57812;1;1;1;14,00
R_22rCOHUyC7iqWkY;3,00;4,00;4,00;4,00;6,00;10,00;8,00;3,00;4,00;9,00;5,00;6,00;6,00;2;0,00;1;1;1;0;0;0;0;0;8,00;9,00;6,00;4,00;1,00;4,00;8,00;7,00;7,00;5,00;7,00;7,00;5,00;7,00;3,00;4,00;4,00;4,00;7,00;7,00;2;7,00;5;6;6;9;4;9;4;7;8;8,00;10,00;3,00;1,00;1,00;7,00;5,00;8,00;6,00;6,00;7,00;7,00;5,00;1;19,00;1;1;1;3;-0,26647;-1,66730;-0,17705;0,32894;-0,07251;0,80654;0,58370;-1,52394;1;4;1;102,00
R_1QlpRIuBkUX2F92;2,00;8,00;8,00;7,00;7,00;9,00;7,00;7,00;7,00;8,00;7,00;6,00;7,00;2;1,00;0;1;0;1;0;0;0;0;7,00;7,00;7,00;6,00;8,00;1,00;4,00;4,00;7,00;10,00;6,00;7,00;6,00;4,00;1,00;6,00;8,00;4,00;3,00;5,00;1;7,00;6;8;10;7;8;6;8;7;7;7,00;8,00;10,00;1,00;1,00;8,00;9,00;9,00;8,00;7,00;6,00;2,00;8,00;1;18,00;2;1;1;4;0,33629;-0,13059;-0,82582;-0,32366;0,19259;-0,13521;1,33956;0,92566;2;2;1;105,00
R_3mfs5HSrtTnO2ui;4,00;9,00;1,00;2,00;1,00;1,00;8,00;1,00;4,00;6,00;1,00;1,00;5,00;2;1,00;3;1;1;0;0;0;0;0;7,00;6,00;7,00;3,00;1,00;1,00;5,00;8,00;9,00;1,00;8,00;4,00;10,00;2,00;1,00;4,00;8,00;1,00;5,00;1,00;1;7,00;6;5;8;10;3;8;9;5;8;8,00;10,00;9,00;1,00;7,00;8,00;9,00;10,00;9,00;9,00;7,00;3,00;6,00;2;22,00;1;1;1;1;0,18411;-2,93229;-0,57686;-2,27761;-2,72071;-0,18624;-0,18605;1,25025;1;1;1;12,00
R_32UVwkHNFDTWtl3;6,00;9,00;7,00;10,00;4,00;10,00;9,00;5,00;5,00;8,00;6,00;4,00;7,00;3;6,00;0;2;0;0;0;1;0;0;3,00;9,00;7,00;2,00;1,00;1,00;4,00;2,00;7,00;5,00;7,00;7,00;8,00;5,00;1,00;1,00;6,00;2,00;7,00;1,00;1;7,00;7;2;3;4;1;6;6;7;5;8,00;10,00;1,00;1,00;4,00;8,00;7,00;7,00;6,00;7,00;9,00;4,00;6,00;1;21,00;1;1;1;2;-0,45283;-1,18252;-0,38335;-1,92871;1,56953;0,17894;0,12605;-0,29026;1;4;1;10,00
R_21cBGtMCxFfkKf9;1,00;3,00;1,00;10,00;1,00;10,00;9,00;1,00;6,00;6,00;3,00;4,00;5,00;3;0,00;0;2;0;0;0;0;0;1;7,00;8,00;10,00;8,00;1,00;1,00;1,00;1,00;2,00;3,00;8,00;1,00;8,00;1,00;1,00;1,00;1,00;10,00;10,00;1,00;1;8,00;5;2;4;10;2;10;5;6;8;8,00;10,00;4,00;1,00;1,00;6,00;10,00;8,00;10,00;10,00;10,00;2,00;7,00;2;23,00;1;2;2;1;-2,25005;-2,44786;1,16894;0,64925;1,63822;-1,68476;-0,70250;-0,73588;1;4;1;134,00
R_28HBeGwTeqGFDIt;5,00;10,00;5,00;7,00;1,00;7,00;5,00;7,00;1,00;10,00;5,00;3,00;8,00;3;3,00;0;2;1;0;0;0;0;0;10,00;10,00;10,00;4,00;1,00;1,00;3,00;3,00;5,00;6,00;10,00;5,00;10,00;5,00;7,00;5,00;7,00;2,00;10,00;3,00;1;7,00;6;6;7;7;7;7;8;8;8;7,00;10,00;1,00;1,00;1,00;7,00;9,00;6,00;9,00;8,00;10,00;5,00;6,00;1;20,00;1;3;1;2;0,58129;-2,05633;2,05646;-1,77456;-0,19140;0,01154;-0,80682;-0,57880;1;4;1;33,00
R_2cpvpp2K39BT7GX;2,00;10,00;9,00;7,00;2,00;9,00;10,00;2,00;6,00;10,00;4,00;3,00;12,00;3;1,00;2;2;0;0;1;0;0;0;8,00;9,00;10,00;1,00;1,00;1,00;7,00;8,00;10,00;10,00;10,00;2,00;6,00;1,00;1,00;2,00;3,00;4,00;10,00;10,00;1;8,00;9;6;6;10;2;10;7;8;9;8,00;10,00;3,00;6,00;1,00;6,00;9,00;10,00;10,00;8,00;8,00;6,00;7,00;2;20,00;1;3;1;2;-1,49509;-1,43777;0,62975;-0,09891;0,27209;1,58793;-0,42142;0,75257;1;4;1;41,00
R_1kLbCx5PgTjIyMq;4,00;8,00;8,00;9,00;8,00;9,00;10,00;8,00;9,00;7,00;8,00;9,00;4,00;3;2,00;0;2;1;1;0;0;0;0;8,00;8,00;8,00;2,00;2,00;1,00;5,00;6,00;5,00;8,00;10,00;10,00;10,00;10,00;10,00;7,00;9,00;1,00;1,00;1,00;1;7,00;7;7;7;8;4;4;6;6;6;8,00;10,00;6,00;1,00;1,00;6,00;8,00;8,00;7,00;9,00;8,00;2,00;2,00;2;20,00;1;3;1;1;2,05447;-0,06098;-1,03609;-2,38965;0,81087;0,50235;2,56159;0,84078;1;4;1;74,00
R_DqQvNHr7GQ6jzep;3,00;7,00;4,00;4,00;1,00;5,00;4,00;5,00;6,00;8,00;5,00;6,00;3,00;1;8,00;4;1;1;1;0;1;0;0;6,00;4,00;7,00;5,00;5,00;6,00;8,00;7,00;8,00;7,00;6,00;6,00;5,00;7,00;6,00;7,00;7,00;7,00;6,00;8,00;1;8,00;7;7;8;8;5;8;6;8;5;8,00;6,00;7,00;7,00;6,00;7,00;7,00;6,00;7,00;7,00;8,00;8,00;8,00;2;22,00;3;1;2;2;1,03015;-0,82661;-0,75065;0,37059;-1,96657;-1,18708;0,19267;-0,01169;2;2;2;30,00
R_3pav05KvDdMSwsf;1,00;6,00;9,00;4,00;3,00;7,00;8,00;9,00;9,00;10,00;7,00;10,00;10,00;1;0,00;2;2;0;0;0;0;0;1;7,00;3,00;3,00;8,00;3,00;5,00;1,00;2,00;10,00;4,00;8,00;8,00;8,00;4,00;7,00;3,00;8,00;3,00;9,00;5,00;1;10,00;4;6;7;4;8;9;5;7;9;7,00;5,00;1,00;1,00;1,00;7,00;9,00;6,00;9,00;9,00;8,00;9,00;6,00;1;24,00;3;2;2;5;0,31298;1,63342;-0,47971;-0,93101;-1,39346;-1,05098;1,29999;-0,01441;2;2;2;161,00
R_2VjMXRM3LyToGX8;1,00;5,00;5,00;10,00;1,00;10,00;7,00;1,00;10,00;10,00;10,00;10,00;9,00;1;0,00;15;2;1;0;1;1;0;0;1,00;6,00;5,00;5,00;10,00;1,00;1,00;1,00;10,00;1,00;5,00;1,00;1,00;1,00;1,00;1,00;1,00;10,00;4,00;1,00;1;4,00;1;1;1;1;5;4;1;1;1;8,00;10,00;4,00;8,00;10,00;10,00;10,00;10,00;10,00;1,00;4,00;4,00;10,00;2;29,00;1;3;2;5;-2,70834;0,50757;-1,39139;0,96189;0,94004;-1,31953;1,71096;0,25481;2;2;2;36,00
R_2Pthi0GM938jkKQ;0,00;8,00;5,00;6,00;5,00;7,00;7,00;8,00;8,00;8,00;9,00;5,00;6,00;2;2,00;2;2;1;0;0;0;0;0;5,00;6,00;6,00;5,00;6,00;5,00;6,00;5,00;6,00;6,00;6,00;6,00;6,00;5,00;6,00;4,00;6,00;5,00;6,00;6,00;1;10,00;5;5;4;6;6;6;6;6;6;5,00;10,00;2,00;1,00;1,00;10,00;10,00;10,00;9,00;10,00;10,00;10,00;10,00;2;22,00;1;3;1;5;0,20717;0,83421;-0,99108;0,38265;-0,75857;-0,96966;0,09657;0,98375;2;2;2;79,00
R_2Yzd6aOy3KJ1U4a;3,00;8,00;10,00;8,00;4,00;7,00;5,00;6,00;8,00;7,00;8,00;5,00;7,00;3;1,00;5;2;1;0;0;1;0;0;6,00;6,00;4,00;8,00;2,00;2,00;8,00;5,00;7,00;2,00;5,00;5,00;5,00;5,00;9,00;7,00;8,00;10,00;9,00;3,00;1;10,00;6;6;6;6;6;6;6;6;6;5,00;9,00;1,00;1,00;2,00;5,00;7,00;7,00;7,00;7,00;7,00;9,00;7,00;2;22,00;3;1;1;2;1,12003;0,28572;-0,65492;-0,30507;0,40320;-2,07272;-0,39677;0,25165;2;2;2;5,00
R_3Q0mkx7aQmVsHFE;1,00;6,00;4,00;9,00;3,00;9,00;7,00;7,00;6,00;7,00;8,00;4,00;7,00;3;0,00;0;2;1;1;0;0;0;0;7,00;9,00;8,00;3,00;8,00;1,00;1,00;2,00;5,00;2,00;3,00;6,00;7,00;2,00;2,00;6,00;3,00;10,00;6,00;9,00;1;7,00;1;2;7;7;1;8;3;8;4;8,00;9,00;6,00;1,00;1,00;7,00;8,00;9,00;9,00;8,00;8,00;4,00;9,00;1;21,00;1;2;1;1;-0,99494;-0,69137;-0,52054;1,69111;0,60589;-0,02990;-0,44546;-0,12621;2;2;2;174,00
R_3L7q68eUwY2txne;1,00;7,00;2,00;8,00;4,00;8,00;9,00;4,00;8,00;7,00;5,00;1,00;8,00;3;0,00;0;2;1;0;0;0;0;0;2,00;8,00;6,00;5,00;2,00;4,00;8,00;6,00;9,00;5,00;8,00;4,00;6,00;2,00;1,00;1,00;8,00;3,00;5,00;5,00;1;6,00;6;7;4;9;3;7;8;6;5;6,00;10,00;2,00;1,00;4,00;7,00;8,00;9,00;8,00;5,00;6,00;7,00;8,00;2;25,00;1;2;2;2;-0,52526;-0,64862;-1,46068;-0,21988;0,08541;-0,39671;-1,10696;0,92793;4;5;2;156,00
R_ulkaHhnhwNHTlf3;1,00;4,00;8,00;9,00;8,00;9,00;7,00;8,00;7,00;8,00;8,00;5,00;8,00;3;1,00;0;2;0;0;0;1;0;0;4,00;8,00;7,00;5,00;9,00;4,00;6,00;7,00;7,00;6,00;8,00;7,00;6,00;4,00;5,00;2,00;3,00;6,00;5,00;7,00;2;10,00;8;7;9;8;7;7;8;9;8;8,00;10,00;4,00;5,00;8,00;8,00;9,00;8,00;9,00;10,00;10,00;4,00;8,00;1;21,00;1;3;1;2;-0,60668;0,31401;-0,74520;1,30752;0,84691;-1,13151;0,92948;-0,81955;2;2;2;84,00
R_2ZVseVSbO5WzW3N;0,00;9,00;8,00;9,00;5,00;9,00;10,00;8,00;7,00;9,00;7,00;9,00;10,00;1;2,00;10;2;0;0;0;0;0;1;10,00;6,00;9,00;8,00;10,00;9,00;6,00;8,00;8,00;7,00;9,00;7,00;6,00;7,00;8,00;9,00;7,00;5,00;9,00;9,00;1;10,00;9;7;8;9;7;9;8;9;9;7,00;3,00;1,00;1,00;2,00;6,00;8,00;7,00;9,00;6,00;7,00;7,00;6,00;1;23,00;3;1;2;2;1,73201;0,12322;0,76689;1,10476;0,18129;0,26350;0,63797;1,22028;3;3;3;59,00
R_3HoZLHVrDqhdoSY;3,00;7,00;9,00;8,00;1,00;8,00;9,00;7,00;9,00;10,00;10,00;8,00;8,00;1;3,00;1;2;1;0;0;0;0;0;8,00;5,00;5,00;2,00;7,00;2,00;3,00;5,00;8,00;6,00;7,00;5,00;6,00;7,00;6,00;7,00;6,00;4,00;8,00;5,00;1;11,00;3;5;6;6;7;8;6;5;8;9,00;6,00;1,00;7,00;1,00;9,00;7,00;9,00;6,00;5,00;5,00;6,00;6,00;1;20,00;2;1;1;3;0,48314;1,15926;-0,75675;-0,96282;-0,16345;0,34310;0,74350;0,16202;2;2;3;69,00
R_3kddsKfVr07lYZK;0,00;9,00;6,00;7,00;4,00;8,00;8,00;8,00;6,00;10,00;6,00;10,00;10,00;1;0,00;2;2;0;0;0;0;1;0;9,00;6,00;4,00;4,00;10,00;2,00;4,00;10,00;8,00;10,00;7,00;7,00;6,00;4,00;4,00;6,00;8,00;5,00;8,00;8,00;2;10,00;7;6;5;8;7;9;5;5;9;9,00;3,00;1,00;1,00;1,00;5,00;7,00;9,00;8,00;6,00;6,00;4,00;4,00;2;20,00;3;1;1;2;0,22942;0,29563;-0,34306;0,03616;-0,77240;0,81706;0,82295;0,86146;1;1;3;64,00
R_1Cr97yZhFGDcccY;0,00;8,00;7,00;2,00;4,00;3,00;8,00;8,00;9,00;9,00;9,00;10,00;10,00;1;3,00;10;2;1;0;0;0;0;0;10,00;10,00;10,00;10,00;10,00;10,00;10,00;5,00;10,00;5,00;10,00;10,00;10,00;8,00;7,00;8,00;8,00;4,00;8,00;8,00;1;10,00;9;9;3;5;5;4;5;2;7;8,00;8,00;3,00;1,00;5,00;10,00;10,00;10,00;10,00;10,00;10,00;9,00;10,00;1;23,00;2;2;2;4;1,73543;0,61156;1,46410;1,20479;-2,21325;-0,23111;0,64579;1,08292;5;6;3;157,00
R_33qe468wMoKndoI;3,00;9,00;8,00;9,00;9,00;9,00;9,00;8,00;10,00;10,00;10,00;10,00;6,00;1;1,00;1;2;1;0;0;0;0;0;10,00;10,00;7,00;7,00;8,00;1,00;8,00;5,00;9,00;9,00;9,00;9,00;9,00;9,00;1,00;8,00;9,00;2,00;9,00;3,00;1;8,00;9;9;9;10;8;10;9;9;8;9,00;10,00;7,00;3,00;2,00;9,00;9,00;9,00;10,00;10,00;10,00;1,00;10,00;2;21,00;1;2;1;5;1,03108;1,32111;0,59169;-0,98301;0,70704;1,14669;0,72348;0,48905;3;3;3;176,00
R_1QckF58UVWziaZJ;3,00;8,00;8,00;8,00;6,00;8,00;9,00;9,00;10,00;9,00;8,00;8,00;8,00;1;0,00;0;2;1;1;0;1;0;0;4,00;8,00;7,00;6,00;8,00;2,00;2,00;2,00;8,00;8,00;9,00;7,00;9,00;3,00;3,00;5,00;6,00;9,00;9,00;9,00;1;10,00;6;8;7;9;7;7;5;5;8;9,00;10,00;8,00;1,00;7,00;10,00;10,00;9,00;10,00;10,00;8,00;4,00;10,00;2;21,00;1;3;1;5;-0,27524;1,26501;-0,48632;1,02855;-0,00390;0,58640;0,01978;-0,13546;4;5;3;71,00
R_2zUP8Oj7ioNuZkh;2,00;8,00;9,00;8,00;8,00;10,00;8,00;7,00;10,00;9,00;7,00;9,00;8,00;1;1,00;20;2;1;1;0;0;0;0;10,00;10,00;10,00;8,00;7,00;2,00;7,00;9,00;10,00;6,00;10,00;7,00;10,00;7,00;9,00;5,00;8,00;8,00;6,00;7,00;2;12,00;8;9;7;8;9;8;7;5;8;9,00;10,00;8,00;1,00;3,00;9,00;9,00;9,00;9,00;8,00;10,00;8,00;10,00;2;19,00;1;3;1;3;0,98621;0,29213;0,92309;0,51738;0,76879;0,13737;1,13505;0,53951;3;3;3;86,00
R_DrcylyYEzaZk9mF;2,00;8,00;3,00;10,00;4,00;8,00;8,00;6,00;9,00;9,00;10,00;6,00;8,00;2;1,00;0;2;0;0;0;0;1;0;10,00;9,00;9,00;9,00;4,00;2,00;3,00;3,00;10,00;6,00;8,00;5,00;9,00;8,00;4,00;4,00;6,00;9,00;8,00;8,00;1;5,00;4;6;7;7;2;7;3;4;4;7,00;8,00;2,00;2,00;1,00;4,00;8,00;5,00;9,00;9,00;9,00;1,00;1,00;1;22,00;2;2;2;1;0,05753;0,29209;0,70012;0,88986;0,29215;0,20910;-0,51299;0,32844;3;3;3;162,00
R_2q1zAOMnVJrk9er;1,00;6,00;7,00;10,00;3,00;9,00;8,00;8,00;9,00;9,00;8,00;8,00;8,00;2;6,00;0;2;1;1;0;0;0;0;9,00;9,00;9,00;9,00;6,00;1,00;4,00;5,00;10,00;7,00;10,00;8,00;9,00;8,00;5,00;7,00;10,00;8,00;9,00;4,00;1;5,00;6;5;2;10;3;8;3;7;3;8,00;10,00;8,00;1,00;1,00;7,00;10,00;10,00;9,00;10,00;9,00;10,00;9,00;1;21,00;1;2;1;2;0,88279;0,48913;1,06396;-0,12072;1,02096;-0,53278;-0,34394;0,14149;3;3;3;173,00
R_87EjWbEaFlvn2qB;1,00;8,00;8,00;9,00;7,00;9,00;10,00;9,00;9,00;10,00;10,00;9,00;8,00;2;1,00;3;2;1;0;0;0;0;0;9,00;8,00;9,00;6,00;8,00;7,00;6,00;3,00;9,00;9,00;6,00;8,00;9,00;7,00;3,00;3,00;5,00;7,00;10,00;8,00;2;7,00;8;8;9;9;5;7;5;7;8;8,00;10,00;6,00;1,00;7,00;9,00;9,00;8,00;8,00;9,00;9,00;6,00;8,00;2;24,00;1;2;2;2;-0,17355;1,40685;0,92122;1,12625;0,53988;0,33485;0,59145;0,19220;3;3;3;144,00
R_e9tZMyKDF34moRH;1,00;9,00;5,00;9,00;3,00;8,00;9,00;5,00;6,00;10,00;9,00;5,00;7,00;2;0,00;1;2;0;0;0;0;1;0;7,00;9,00;8,00;7,00;9,00;7,00;9,00;7,00;9,00;3,00;9,00;5,00;7,00;5,00;3,00;5,00;8,00;7,00;7,00;7,00;2;5,00;8;5;7;5;7;7;7;7;7;7,00;10,00;1,00;1,00;1,00;8,00;10,00;10,00;10,00;10,00;10,00;7,00;8,00;1;21,00;2;3;1;2;0,32647;-0,25251;0,35515;1,13555;0,22699;0,41010;-0,54823;1,03877;3;3;3;80,00
R_2Bo0q4Mqzg2lS9q;0,00;8,00;8,00;8,00;3,00;9,00;9,00;4,00;7,00;8,00;7,00;6,00;8,00;3;0,00;5;2;1;1;0;1;0;0;6,00;8,00;7,00;4,00;5,00;4,00;7,00;4,00;5,00;7,00;7,00;7,00;7,00;7,00;7,00;7,00;7,00;7,00;7,00;7,00;1;10,00;7;5;8;7;7;8;6;7;8;8,00;10,00;6,00;1,00;1,00;7,00;8,00;7,00;8,00;8,00;7,00;9,00;8,00;2;21,00;1;1;1;1;0,82578;-0,60475;-0,58841;0,49669;0,62455;0,03979;-0,09243;1,15145;2;2;3;107,00
R_2rx5k3YPnhHKKU2;2,00;7,00;7,00;6,00;8,00;9,00;9,00;8,00;9,00;8,00;7,00;7,00;9,00;3;1,00;1;2;1;0;0;0;0;0;7,00;8,00;8,00;5,00;6,00;5,00;7,00;6,00;7,00;7,00;7,00;6,00;6,00;5,00;5,00;5,00;5,00;7,00;6,00;8,00;2;8,00;7;7;7;9;8;8;6;7;8;8,00;10,00;7,00;5,00;6,00;7,00;8,00;8,00;7,00;9,00;10,00;6,00;9,00;2;22,00;1;2;1;1;0,22170;0,35479;-0,43668;0,95523;-0,00845;0,31279;0,94481;0,14553;2;2;3;115,00
R_2CdGj4qC83szQUH;2,00;10,00;8,00;9,00;10,00;10,00;10,00;9,00;8,00;9,00;10,00;8,00;10,00;3;2,00;1;1;1;1;0;0;0;0;9,00;9,00;9,00;9,00;9,00;9,00;9,00;8,00;9,00;10,00;9,00;9,00;9,00;9,00;9,00;9,00;9,00;9,00;9,00;9,00;1;10,00;9;9;7;7;7;7;7;7;7;6,00;10,00;5,00;1,00;1,00;9,00;7,00;6,00;8,00;9,00;8,00;9,00;8,00;2;19,00;3;3;1;5;2,27788;0,87963;0,68916;1,73594;0,80214;0,77090;-0,09329;0,73954;3;3;3;37,00
R_1IazfAJDOdbK1n9;3,00;7,00;9,00;10,00;8,00;9,00;8,00;8,00;8,00;8,00;8,00;8,00;9,00;3;0,00;2;1;1;1;0;0;0;0;8,00;9,00;8,00;8,00;8,00;8,00;8,00;8,00;7,00;6,00;5,00;7,00;6,00;6,00;8,00;9,00;8,00;9,00;8,00;9,00;1;6,00;6;8;7;9;8;9;8;5;9;6,00;10,00;8,00;1,00;6,00;9,00;9,00;8,00;9,00;8,00;7,00;9,00;9,00;2;24,00;1;3;1;2;1,73340;0,25227;0,23250;1,61995;0,93068;-0,04527;0,21929;-0,33229;3;3;3;95,00
R_AGn8cgSctSPLUdj;3,00;1,00;1,00;9,00;5,00;1,00;6,00;9,00;8,00;9,00;9,00;1,00;8,00;1;1,00;1;2;1;1;0;0;0;0;6,00;10,00;10,00;5,00;10,00;7,00;10,00;5,00;8,00;3,00;9,00;8,00;8,00;4,00;4,00;4,00;6,00;8,00;9,00;8,00;2;10,00;7;6;4;3;4;7;6;6;5;5,00;10,00;1,00;1,00;1,00;6,00;5,00;6,00;8,00;5,00;6,00;6,00;6,00;2;24,00;1;3;2;2;-0,16569;0,70453;0,60151;1,84975;-1,42097;-0,99881;-1,95698;-2,45494;2;2;4;56,00
R_23ghR8cOtZYbaHg;2,00;6,00;2,00;8,00;8,00;9,00;9,00;5,00;7,00;10,00;8,00;5,00;10,00;1;1,00;1;2;0;0;0;1;0;0;8,00;6,00;9,00;4,00;1,00;1,00;1,00;1,00;8,00;1,00;10,00;5,00;10,00;10,00;6,00;2,00;2,00;1,00;9,00;9,00;1;10,00;8;6;10;10;6;10;10;7;10;9,00;10,00;3,00;1,00;8,00;8,00;10,00;7,00;8,00;10,00;6,00;1,00;4,00;2;21,00;1;3;1;2;-0,32224;0,12233;-0,00761;-0,12462;-0,38117;0,95167;0,10535;-0,86112;4;5;4;90,00
R_O851YtkLAJgpfRD;3,00;7,00;5,00;3,00;7,00;9,00;9,00;8,00;9,00;9,00;9,00;6,00;8,00;2;0,00;0;2;1;0;0;0;0;0;4,00;9,00;6,00;3,00;9,00;1,00;8,00;7,00;6,00;5,00;9,00;5,00;7,00;8,00;5,00;3,00;4,00;5,00;9,00;7,00;1;7,00;8;8;7;10;5;6;3;6;6;7,00;10,00;1,00;1,00;5,00;5,00;9,00;10,00;9,00;9,00;9,00;8,00;10,00;2;20,00;1;1;1;2;-0,21497;1,13296;-0,61595;0,48942;-0,67866;0,80857;-0,36599;-0,52485;4;5;4;171,00
R_1in8SQ42g3G0E8s;4,00;7,00;6,00;10,00;4,00;10,00;9,00;7,00;10,00;10,00;7,00;5,00;6,00;2;3,00;0;2;1;1;1;0;1;0;5,00;9,00;6,00;2,00;10,00;1,00;7,00;7,00;2,00;1,00;9,00;6,00;6,00;9,00;7,00;2,00;10,00;3,00;9,00;5,00;1;6,00;6;6;5;9;1;5;3;4;3;7,00;10,00;5,00;2,00;2,00;7,00;9,00;5,00;5,00;10,00;8,00;7,00;3,00;1;21,00;1;3;1;2;0,79965;0,99796;-0,22766;-1,01455;0,80173;0,51532;-1,13721;-0,31264;4;5;4;42,00
R_27TIyZFGMQDM7qk;5,00;5,00;5,00;9,00;4,00;9,00;8,00;8,00;8,00;7,00;7,00;8,00;4,00;2;2,00;0;2;0;0;0;1;0;0;9,00;8,00;9,00;5,00;1,00;1,00;1,00;1,00;5,00;1,00;8,00;5,00;8,00;5,00;2,00;5,00;6,00;4,00;10,00;8,00;1;8,00;8;10;9;9;5;9;4;5;5;8,00;10,00;2,00;2,00;8,00;8,00;8,00;6,00;8,00;8,00;6,00;8,00;8,00;2;27,00;1;3;2;2;-0,09533;-0,02727;0,53565;-0,48304;0,41006;0,24018;-0,20481;-1,62305;4;5;4;35,00
R_33x5Va6KvGh8LSm;3,00;6,00;6,00;10,00;3,00;10,00;9,00;8,00;7,00;9,00;8,00;6,00;10,00;3;0,00;0;2;1;0;0;0;0;0;7,00;10,00;10,00;3,00;1,00;1,00;6,00;4,00;8,00;1,00;10,00;4,00;10,00;2,00;1,00;7,00;8,00;1,00;8,00;5,00;1;8,00;8;5;5;10;4;9;2;3;8;7,00;10,00;4,00;1,00;1,00;5,00;6,00;9,00;8,00;7,00;8,00;7,00;4,00;1;20,00;1;1;1;2;-0,26050;-0,04896;0,41556;-1,13398;1,04175;0,91184;-0,40871;-0,60257;4;5;4;104,00
R_AhNqcFscwSUpDrP;0,00;2,00;6,00;10,00;10,00;10,00;6,00;10,00;8,00;10,00;10,00;10,00;8,00;3;0,00;0;2;1;1;0;0;0;0;10,00;8,00;10,00;3,00;1,00;1,00;5,00;3,00;7,00;5,00;10,00;3,00;7,00;1,00;1,00;1,00;3,00;4,00;10,00;7,00;1;8,00;4;6;6;6;6;7;5;5;8;6,00;10,00;8,00;1,00;1,00;7,00;6,00;9,00;9,00;8,00;8,00;5,00;6,00;1;23,00;1;3;1;2;-2,34310;1,70616;1,08912;0,34324;0,79447;-0,58935;1,04058;-2,32984;4;5;4;106,00
R_2Bxn3RDkDVqM10f;3,00;7,00;4,00;10,00;8,00;10,00;8,00;8,00;9,00;9,00;8,00;6,00;9,00;3;0,00;0;2;0;0;0;0;0;1;1,00;7,00;2,00;1,00;1,00;1,00;5,00;7,00;2,00;1,00;5,00;5,00;3,00;3,00;3,00;7,00;4,00;3,00;3,00;8,00;2;12,00;7;9;7;10;5;10;5;7;7;6,00;9,00;1,00;1,00;1,00;7,00;7,00;8,00;8,00;8,00;8,00;3,00;9,00;2;21,00;1;3;1;4;-0,30876;0,72253;-3,48298;-0,13621;0,34622;1,47862;0,99769;-0,29959;1;1;4;76,00
R_2SAAUANIHxo8JXm;0,00;10,00;5,00;10,00;5,00;10,00;5,00;1,00;7,00;10,00;10,00;10,00;8,00;1;0,00;0;2;1;0;0;0;0;0;10,00;10,00;10,00;1,00;1,00;1,00;9,00;9,00;10,00;10,00;10,00;8,00;6,00;1,00;1,00;1,00;4,00;6,00;7,00;8,00;1;8,00;5;4;4;9;6;10;2;5;6;8,00;10,00;4,00;1,00;2,00;8,00;7,00;8,00;9,00;7,00;10,00;4,00;5,00;1;21,00;1;2;1;1;-2,23874;-0,26080;0,77873;0,43733;0,71241;0,31719;0,76689;0,83296;5;6;5;130,00
R_28P2Ih1i5BxgbRd;1,00;10,00;1,00;3,00;2,00;8,00;10,00;6,00;10,00;10,00;8,00;10,00;9,00;1;3,00;25;1;1;1;0;1;0;0;9,00;10,00;9,00;10,00;10,00;1,00;6,00;10,00;10,00;1,00;10,00;10,00;10,00;1,00;8,00;10,00;7,00;10,00;9,00;8,00;1;12,00;10;10;4;10;4;5;6;6;4;10,00;10,00;7,00;1,00;9,00;8,00;7,00;9,00;8,00;10,00;8,00;6,00;7,00;1;20,00;1;2;1;5;0,25038;0,29071;0,98193;1,56264;-1,64226;1,81221;-0,58794;1,42122;5;6;5;164,00
R_3hDtNUbc4B60Vxp;2,00;10,00;5,00;10,00;1,00;9,00;9,00;9,00;8,00;10,00;8,00;10,00;7,00;1;2,00;2;1;0;1;1;0;0;0;10,00;10,00;10,00;1,00;1,00;1,00;1,00;1,00;10,00;10,00;10,00;7,00;10,00;2,00;2,00;2,00;5,00;10,00;10,00;1,00;1;7,00;9;4;6;10;2;10;3;8;4;10,00;10,00;2,00;6,00;8,00;10,00;10,00;7,00;10,00;10,00;6,00;5,00;9,00;2;20,00;1;3;1;3;-1,76594;0,22175;1,63673;-0,93659;1,02869;0,36373;0,54310;0,48711;5;6;5;32,00
R_3oRgyj65YeRxoWK;1,00;10,00;9,00;3,00;7,00;7,00;9,00;5,00;8,00;10,00;8,00;1,00;7,00;2;0,00;2;2;1;0;0;0;0;0;9,00;10,00;10,00;4,00;10,00;4,00;7,00;7,00;2,00;8,00;8,00;4,00;7,00;2,00;3,00;1,00;4,00;8,00;10,00;6,00;1;7,00;3;2;1;9;2;10;4;8;9;8,00;10,00;4,00;1,00;2,00;2,00;6,00;8,00;7,00;10,00;9,00;7,00;6,00;2;19,00;1;1;1;2;-1,06802;0,33939;1,28106;1,12048;-0,53413;0,15429;-0,81620;1,21173;5;6;5;127,00
R_3iEbbplB5FFVdKA;1,00;8,00;9,00;9,00;1,00;8,00;8,00;6,00;6,00;8,00;6,00;6,00;8,00;1;0,00;3;2;1;0;0;0;0;0;9,00;9,00;6,00;3,00;4,00;1,00;4,00;1,00;8,00;8,00;9,00;6,00;10,00;7,00;1,00;6,00;3,00;3,00;8,00;4,00;1;8,00;7;6;5;9;3;10;7;7;8;8,00;10,00;4,00;6,00;1,00;8,00;9,00;10,00;10,00;10,00;7,00;7,00;10,00;1;22,00;1;1;2;3;-0,20901;-1,12601;0,01970;-0,86213;0,95874;-0,04446;0,77031;0,72068;1;4;1;112,00
R_1KpTF5RV9jitaDC;5,00;7,00;2,00;9,00;1,00;6,00;9,00;1,00;3,00;8,00;4,00;9,00;9,00;1;0,00;10;1;0;0;0;1;0;0;8,00;9,00;9,00;6,00;2,00;1,00;2,00;3,00;9,00;9,00;9,00;6,00;10,00;6,00;3,00;5,00;3,00;3,00;7,00;4,00;1;10,00;5;6;7;10;5;9;6;8;6;9,00;10,00;1,00;1,00;8,00;6,00;8,00;8,00;9,00;10,00;8,00;4,00;6,00;2;19,00;1;1;1;2;-0,19979;-3,09643;0,82572;-0,79835;-0,14813;0,84394;1,16892;-0,69303;1;4;1;15,00
R_1PXjzzQepQMrP3z;1,00;10,00;1,00;5,00;5,00;10,00;10,00;5,00;4,00;10,00;6,00;8,00;6,00;1;0,00;5;2;1;1;0;1;0;0;10,00;10,00;7,00;7,00;10,00;5,00;5,00;10,00;8,00;8,00;9,00;9,00;8,00;2,00;2,00;5,00;1,00;5,00;4,00;10,00;1;10,00;4;9;10;10;4;10;4;10;7;10,00;7,00;6,00;1,00;10,00;5,00;10,00;10,00;10,00;5,00;9,00;5,00;5,00;2;18,00;2;1;1;3;-0,84103;-1,77016;0,19829;1,90276;-0,65900;2,34871;1,60713;1,06741;1;1;1;170,00
R_2bPjrLlPSOsx2qE;1,00;3,00;9,00;10,00;3,00;10,00;10,00;5,00;6,00;9,00;2,00;10,00;7,00;1;2,00;2;1;0;0;0;1;0;0;10,00;10,00;6,00;1,00;1,00;1,00;1,00;1,00;10,00;5,00;10,00;6,00;10,00;1,00;1,00;1,00;6,00;10,00;10,00;1,00;1;8,00;10;10;1;10;7;7;1;1;8;9,00;10,00;3,00;1,00;7,00;7,00;9,00;9,00;9,00;9,00;10,00;4,00;6,00;2;22,00;1;1;2;1;-1,86213;-1,33812;1,03550;-0,71627;2,01142;-0,10881;1,19155;-1,30378;1;4;1;172,00
R_R4c076qmT6ILck1;4,00;9,00;5,00;8,00;8,00;6,00;9,00;6,00;9,00;10,00;7,00;10,00;12,00;1;0,00;0;2;0;0;0;0;1;0;8,00;4,00;2,00;1,00;4,00;2,00;2,00;3,00;8,00;2,00;8,00;3,00;5,00;7,00;2,00;7,00;7,00;5,00;6,00;7,00;1;10,00;8;4;4;7;3;7;4;8;7;9,00;7,00;1,00;1,00;1,00;6,00;5,00;8,00;7,00;7,00;8,00;8,00;5,00;1;19,00;2;3;1;3;0,52446;0,80066;-2,16796;-0,90342;-1,23145;1,85752;1,77805;0,27274;1;1;1;63,00
R_3EZ82Lot999qcap;4,00;8,00;4,00;5,00;4,00;5,00;9,00;8,00;8,00;9,00;6,00;5,00;5,00;1;7,00;0;2;1;1;0;1;0;0;9,00;10,00;8,00;4,00;3,00;1,00;6,00;8,00;9,00;6,00;8,00;6,00;8,00;8,00;5,00;6,00;10,00;6,00;6,00;5,00;1;5,00;4;5;5;9;3;9;4;5;4;7,00;10,00;4,00;3,00;7,00;7,00;9,00;10,00;10,00;9,00;9,00;5,00;8,00;2;20,00;1;3;1;3;1,15177;-0,36050;0,10676;-1,03114;-1,14641;1,21278;-0,10567;0,18636;4;5;1;78,00
R_2pKRPCRE7Anb7dV;2,00;8,00;8,00;5,00;8,00;8,00;8,00;6,00;7,00;8,00;10,00;10,00;10,00;1;0,00;1;2;0;0;0;0;0;1;4,00;10,00;7,00;4,00;1,00;1,00;3,00;2,00;10,00;6,00;10,00;4,00;9,00;2,00;2,00;2,00;3,00;5,00;8,00;5,00;1;13,00;10;9;7;10;9;10;5;7;9;9,00;10,00;8,00;4,00;9,00;8,00;9,00;10,00;10,00;10,00;10,00;10,00;10,00;2;24,00;1;3;1;1;-1,48221;0,43738;-0,21930;0,08243;0,03809;0,09102;1,18489;-0,29223;1;1;1;97,00
R_DiunJ3xEe16v9Tj;5,00;9,00;2,00;5,00;3,00;7,00;10,00;4,00;6,00;9,00;4,00;5,00;8,00;2;3,00;3;2;1;1;1;1;0;0;8,00;9,00;3,00;3,00;2,00;2,00;5,00;3,00;8,00;3,00;8,00;3,00;9,00;3,00;2,00;2,00;3,00;4,00;5,00;5,00;1;10,00;5;6;6;2;5;1;4;4;4;7,00;9,00;7,00;7,00;7,00;7,00;7,00;7,00;7,00;9,00;4,00;3,00;3,00;2;23,00;2;1;2;3;-0,77681;-1,70891;-0,98250;-0,75667;-0,91722;1,81810;1,02404;0,16849;1;1;1;13,00
R_1KljN7BdTdHYR5E;0,00;9,00;6,00;10,00;5,00;9,00;9,00;6,00;7,00;8,00;4,00;8,00;8,00;3;0,00;0;2;1;1;0;0;0;0;2,00;9,00;8,00;6,00;8,00;2,00;9,00;3,00;10,00;6,00;8,00;4,00;5,00;5,00;5,00;3,00;4,00;8,00;5,00;6,00;1;10,00;5;7;6;8;6;6;7;8;8;8,00;10,00;6,00;1,00;1,00;7,00;7,00;8,00;6,00;7,00;7,00;3,00;5,00;1;21,00;1;1;1;2;-0,34880;-1,04984;-0,54933;0,90826;0,96054;-0,08399;1,12077;1,19670;2;2;1;68,00
R_1mRiFU9bsHSNwBr;2,00;4,00;2,00;7,00;3,00;8,00;8,00;6,00;6,00;7,00;5,00;4,00;9,00;3;0,00;0;2;0;0;0;0;0;1;6,00;6,00;6,00;1,00;1,00;1,00;2,00;2,00;5,00;3,00;7,00;5,00;7,00;2,00;2,00;2,00;2,00;3,00;6,00;5,00;1;6,00;6;5;4;8;2;6;3;5;5;8,00;10,00;1,00;3,00;1,00;7,00;6,00;7,00;8,00;6,00;7,00;6,00;7,00;1;23,00;1;2;2;1;-1,47680;-0,94262;-1,10499;-0,56322;-0,27949;-0,34256;0,42368;-0,84724;4;5;1;16,00
R_2yfkNIDvHgACSQA;0,00;10,00;5,00;8,00;8,00;10,00;10,00;3,00;5,00;10,00;6,00;10,00;8,00;3;0,00;0;2;0;0;0;0;1;0;5,00;10,00;5,00;4,00;5,00;4,00;8,00;8,00;4,00;4,00;7,00;6,00;5,00;2,00;10,00;2,00;2,00;8,00;4,00;10,00;1;8,00;2;4;2;2;4;10;4;4;10;8,00;1,00;1,00;1,00;1,00;5,00;7,00;7,00;10,00;7,00;8,00;5,00;5,00;2;22,00;2;2;2;1;-0,74111;-1,25404;-0,90650;1,74662;0,27903;1,72577;1,99106;0,88380;1;1;1;132,00
R_1fdYcUEKybniQH5;4,00;8,00;9,00;10,00;3,00;9,00;10,00;9,00;8,00;10,00;4,00;8,00;7,00;3;1,00;0;2;1;0;0;0;0;0;8,00;7,00;8,00;7,00;3,00;1,00;2,00;5,00;7,00;4,00;7,00;6,00;4,00;7,00;10,00;3,00;10,00;1,00;8,00;1,00;2;8,00;7;8;4;10;7;7;6;6;9;6,00;10,00;2,00;1,00;1,00;9,00;8,00;4,00;10,00;6,00;10,00;10,00;8,00;1;21,00;1;3;1;2;1,34324;-0,04714;0,97993;-2,63514;0,76021;-0,10520;1,07042;0,14875;1;4;1;48,00
R_1Io4sQhItxgDToe;3,00;8,00;7,00;10,00;2,00;10,00;9,00;4,00;6,00;9,00;6,00;7,00;8,00;3;5,00;20;2;1;1;1;0;1;0;10,00;10,00;9,00;9,00;6,00;2,00;10,00;8,00;8,00;8,00;6,00;6,00;6,00;6,00;8,00;6,00;8,00;2,00;2,00;1,00;2;6,00;8;8;10;10;6;6;6;6;6;7,00;10,00;6,00;1,00;4,00;7,00;7,00;6,00;9,00;7,00;10,00;4,00;10,00;1;28,00;1;3;2;3;1,22205;-1,85353;0,80673;-1,25983;1,28765;0,09084;1,79114;1,14167;1;4;1;149,00
R_2UXwpaX1rwMTU1J;4,00;7,00;3,00;2,00;4,00;5,00;6,00;4,00;8,00;9,00;9,00;6,00;10,00;3;0,00;15;1;1;0;0;0;0;0;10,00;10,00;8,00;2,00;9,00;1,00;3,00;2,00;9,00;10,00;10,00;9,00;9,00;3,00;3,00;5,00;4,00;2,00;4,00;5,00;1;10,00;4;5;4;5;4;4;5;3;4;8,00;10,00;3,00;1,00;1,00;7,00;10,00;8,00;10,00;10,00;9,00;6,00;6,00;2;21,00;1;3;1;3;-0,57191;-0,32649;0,03269;-0,26920;-2,03371;0,66778;0,89052;0,03305;1;1;1;75,00
R_8rci5vLQx8oJZVT;0,00;5,00;7,00;6,00;3,00;6,00;6,00;5,00;7,00;9,00;5,00;7,00;10,00;1;0,00;2;1;1;0;0;1;0;0;3,00;2,00;6,00;6,00;1,00;1,00;1,00;1,00;5,00;5,00;2,00;1,00;3,00;1,00;1,00;1,00;1,00;10,00;6,00;7,00;1;15,00;4;5;5;4;4;8;6;5;5;6,00;2,00;1,00;1,00;6,00;1,00;4,00;1,00;4,00;6,00;7,00;3,00;1,00;2;23,00;3;1;2;5;-2,20500;-0,09860;-1,36639;0,74855;-1,02636;-1,59441;1,75097;-0,23308;2;2;2;4,00
R_sHW6NJxRKue3icp;1,00;6,00;5,00;9,00;2,00;8,00;5,00;4,00;6,00;7,00;4,00;4,00;5,00;2;2,00;0;2;0;0;0;0;0;1;3,00;4,00;7,00;2,00;3,00;2,00;8,00;5,00;7,00;5,00;5,00;7,00;5,00;7,00;5,00;7,00;8,00;8,00;6,00;6,00;2;5,00;9;6;6;7;6;8;6;8;8;7,00;7,00;10,00;1,00;1,00;4,00;3,00;7,00;5,00;7,00;7,00;6,00;5,00;2;21,00;2;1;1;4;0,62090;-1,04584;-1,57324;-0,11767;0,15964;-1,42834;-0,51660;0,25395;2;2;2;100,00
R_1MPND34B2GcwSuT;3,00;8,00;1,00;10,00;9,00;10,00;5,00;9,00;10,00;10,00;10,00;1,00;4,90;2;0,00;0;2;1;1;0;0;1;0;9,00;2,00;1,00;2,00;1,00;1,00;1,00;1,00;1,00;1,00;9,00;9,00;10,00;1,00;1,00;1,00;10,00;1,00;10,00;1,00;2;4,00;8;5;4;6;2;7;6;9;7;9,00;1,00;5,00;1,00;1,00;10,00;9,00;8,00;10,00;9,00;8,00;10,00;10,00;2;20,00;1;2;1;1;-0,78231;2,83184;-1,49361;-2,27815;-0,16987;-0,93739;-1,55042;-0,07783;2;2;2;29,00
R_2ffEmPA7fhaSvfO;1,00;7,00;10,00;7,00;3,00;10,00;7,00;9,00;10,00;10,00;10,00;5,00;10,00;2;0,00;0;2;0;1;0;0;0;0;6,00;6,00;6,00;6,00;6,00;6,00;4,00;4,00;4,00;4,00;6,00;6,00;6,00;6,00;6,00;7,00;7,00;7,00;6,00;6,00;2;7,00;5;5;5;6;6;5;5;7;7;6,00;10,00;9,00;2,00;2,00;9,00;9,00;10,00;10,00;10,00;10,00;3,00;10,00;1;22,00;1;3;1;3;0,68070;1,54147;-0,89931;0,45506;0,39039;-0,80801;0,33399;0,69201;2;2;2;54,00
R_3Kpyszy60Tz3hKH;3,00;4,00;8,00;10,00;2,00;9,00;5,00;3,00;9,00;9,00;9,00;3,00;5,00;2;7,00;0;2;1;0;0;0;0;0;3,00;3,00;3,00;3,00;3,00;3,00;3,00;8,00;3,00;3,00;7,00;3,00;4,00;8,00;8,00;3,00;6,00;3,00;4,00;6,00;2;3,00;5;5;8;8;4;4;4;4;4;5,00;10,00;6,00;1,00;1,00;7,00;9,00;6,00;9,00;7,00;7,00;6,00;7,00;1;25,00;1;3;2;2;0,43510;0,66693;-2,52879;-0,69168;0,36783;-1,69910;0,31483;-0,50678;2;2;2;91,00
R_1EjxbCpvPq2uwKo;1,00;8,00;1,00;7,00;1,00;8,00;7,00;1,00;7,00;10,00;8,00;1,00;8,00;3;0,00;0;1;1;0;0;0;0;0;6,00;7,00;5,00;3,00;9,00;3,00;7,00;5,00;8,00;4,00;7,00;8,00;8,00;3,00;9,00;7,00;2,00;4,00;6,00;7,00;1;10,00;6;7;8;7;7;8;5;8;5;8,00;10,00;7,00;1,00;1,00;4,00;6,00;8,00;4,00;7,00;9,00;9,00;6,00;1;19,00;1;1;1;2;-0,16988;-0,78973;-1,24635;0,92104;-0,85055;0,45387;-1,00556;1,02447;4;5;2;116,00
R_2waWkAhTzAbopAN;1,00;10,00;5,00;8,00;3,00;10,00;3,00;9,00;8,00;7,00;3,00;1,00;8,00;3;0,00;0;2;0;1;0;0;0;0;4,00;5,00;9,00;3,00;8,00;5,00;3,00;2,00;6,00;8,00;5,00;8,00;9,00;3,00;8,00;3,00;7,00;2,00;10,00;1,00;2;8,00;3;4;9;10;2;10;1;10;10;6,00;10,00;1,00;1,00;1,00;10,00;10,00;4,00;9,00;10,00;8,00;1,00;10,00;1;26,00;1;2;2;1;0,42933;0,09739;0,36565;-1,05346;0,43548;-3,15009;-1,59681;1,29762;2;2;2;55,00
R_2WJrJk6iiWQmHJD;0,00;8,00;6,00;7,00;5,00;7,00;5,00;8,00;9,00;6,00;8,00;7,00;8,00;3;6,00;1;1;1;0;0;0;0;0;3,00;6,00;5,00;8,00;4,00;7,00;6,00;8,00;5,00;7,00;6,00;8,00;5,00;9,00;10,00;6,00;8,00;5,00;5,00;7,00;1;9,00;7;3;6;9;6;5;8;4;9;7,00;5,00;1,00;1,00;1,00;6,00;8,00;7,00;5,00;6,00;8,00;9,00;8,00;1;24,00;1;2;1;1;1,85906;0,60126;-1,54839;0,49471;-0,43661;-2,10202;0,25522;1,13062;2;2;2;154,00
R_r87fGLTnB3SpvEJ;3,00;8,00;3,00;8,00;2,00;7,00;8,00;7,00;8,00;6,00;8,00;4,00;5,00;3;1,00;1;2;1;0;0;0;0;0;5,00;9,00;9,00;5,00;5,00;3,00;4,00;5,00;9,00;9,00;9,00;6,00;9,00;9,00;7,00;4,00;9,00;5,00;10,00;6,00;1;8,00;8;7;6;9;6;7;4;5;5;8,00;10,00;5,00;5,00;5,00;8,00;9,00;7,00;9,00;7,00;9,00;9,00;9,00;1;24,00;1;2;2;2;1,16156;-0,01860;0,29694;-0,28385;-0,01977;-0,74724;-2,12871;0,20564;2;2;2;155,00
R_2rlv6ouECEyas5n;1,00;9,00;8,00;10,00;8,00;10,00;7,00;7,00;8,00;8,00;8,00;7,00;4,00;1;0,00;2;2;0;0;0;0;1;0;8,00;8,00;9,00;6,00;9,00;4,00;9,00;9,00;9,00;9,00;9,00;9,00;9,00;7,00;7,00;7,00;7,00;9,00;9,00;8,00;2;10,00;6;6;7;8;4;9;7;9;7;9,00;2,00;1,00;1,00;1,00;7,00;7,00;8,00;9,00;8,00;6,00;9,00;8,00;2;28,00;3;1;2;3;0,96682;0,38018;0,39007;1,25447;1,06442;-0,41235;-0,23971;0,67716;3;3;3;7,00
R_1JRsD1bUHwsVZ6e;0,00;10,00;9,00;10,00;2,00;10,00;10,00;10,00;10,00;10,00;8,00;6,00;6,00;2;0,00;25;2;0;0;0;0;1;0;10,00;10,00;7,00;7,00;7,00;3,00;3,00;7,00;4,00;5,00;5,00;6,00;9,00;6,00;7,00;9,00;6,00;7,00;6,00;6,00;1;8,00;5;8;8;5;8;3;8;4;8;4,00;10,00;5,00;3,00;3,00;10,00;10,00;10,00;10,00;10,00;2,00;7,00;10,00;1;21,00;3;2;1;1;0,97511;0,41461;0,08900;0,25522;1,15800;0,90605;0,62171;1,97313;3;3;3;121,00
R_1P12NSO8ctEa5wJ;1,00;7,00;7,00;10,00;5,00;10,00;10,00;10,00;7,00;7,00;9,00;6,00;7,00;2;0,00;7;2;0;0;0;0;0;1;9,00;10,00;9,00;9,00;7,00;7,00;1,00;2,00;10,00;9,00;8,00;8,00;9,00;9,00;9,00;8,00;8,00;5,00;7,00;7,00;2;5,00;2;1;8;10;1;5;9;1;5;7,00;10,00;9,00;1,00;1,00;10,00;9,00;7,00;10,00;10,00;10,00;7,00;7,00;1;21,00;1;2;1;3;2,06747;-0,08317;0,64703;0,77155;1,34158;-0,16730;-0,16522;0,49357;3;3;3;178,00
R_Oqy1nDsoi52ilPP;2,00;8,00;8,00;8,00;6,00;9,00;9,00;9,00;10,00;10,00;9,00;6,00;7,00;2;0,00;1;2;0;0;0;0;0;1;10,00;9,00;7,00;3,00;8,00;7,00;9,00;4,00;9,00;4,00;10,00;8,00;10,00;3,00;3,00;8,00;6,00;5,00;9,00;6,00;2;13,00;5;7;6;9;5;9;3;6;6;8,00;10,00;6,00;1,00;1,00;3,00;9,00;7,00;9,00;8,00;8,00;7,00;7,00;2;20,00;1;2;1;1;0,25055;1,22823;0,16153;0,44663;0,36246;0,79731;0,03990;0,42596;3;3;3;147,00
R_XzvAMDxbKZlAkmt;1,00;6,00;7,00;10,00;10,00;10,00;7,00;10,00;8,00;10,00;10,00;3,00;9,00;2;0,00;0;2;1;0;0;0;0;0;8,00;10,00;9,00;5,00;4,00;7,00;3,00;3,00;6,00;5,00;10,00;5,00;7,00;3,00;3,00;2,00;5,00;1,00;5,00;5,00;1;6,00;4;4;6;7;4;10;5;5;4;8,00;10,00;3,00;1,00;2,00;5,00;8,00;7,00;9,00;9,00;8,00;9,00;9,00;2;21,00;1;2;1;2;-0,48169;1,03897;0,24925;0,22431;1,16176;-0,47468;0,66036;-0,26761;3;3;3;163,00
R_2AQeTi550HSPwKu;1,00;8,00;3,00;10,00;10,00;10,00;9,00;10,00;10,00;10,00;9,00;10,00;8,00;2;1,00;1;2;1;1;0;0;0;0;6,00;9,00;9,00;7,00;9,00;8,00;8,00;6,00;10,00;8,00;9,00;10,00;10,00;7,00;4,00;4,00;8,00;7,00;7,00;6,00;1;5,00;5;7;6;7;4;7;5;7;5;7,00;10,00;10,00;4,00;6,00;10,00;10,00;8,00;10,00;10,00;3,00;2,00;10,00;2;25,00;5;3;2;5;0,40373;1,50985;0,30662;1,21926;0,58849;0,37243;0,58760;0,30192;3;3;3;93,00
R_1gBbR54aDwDyIne;3,00;6,00;8,00;7,00;9,00;9,00;10,00;9,00;9,00;10,00;9,00;8,00;6,00;2;1,00;10;2;0;1;0;0;0;0;9,00;7,00;9,00;6,00;6,00;5,00;7,00;5,00;8,00;9,00;10,00;8,00;10,00;7,00;5,00;6,00;5,00;5,00;8,00;8,00;1;8,00;9;7;9;9;9;9;9;9;8;7,00;10,00;7,00;1,00;1,00;6,00;8,00;10,00;10,00;10,00;8,00;8,00;9,00;2;20,00;1;3;1;1;0,48996;1,14453;0,25957;0,55826;-0,03362;0,89425;1,14953;-0,67717;4;5;3;99,00
R_2yeo438VRagB0TO;4,00;7,00;6,00;10,00;10,00;10,00;10,00;8,00;7,00;8,00;8,00;3,00;10,00;3;1,00;4;1;1;0;0;1;1;0;8,00;7,00;8,00;8,00;8,00;8,00;5,00;8,00;9,00;10,00;8,00;10,00;10,00;10,00;10,00;9,00;9,00;9,00;9,00;9,00;1;15,00;9;9;9;9;10;9;10;9;9;1,00;10,00;9,00;7,00;10,00;10,00;10,00;10,00;10,00;10,00;10,00;9,00;9,00;1;25,00;1;2;2;5;2,63911;0,20007;-0,09741;1,47441;0,90428;0,46716;-1,13802;-0,48369;3;3;3;136,00
R_etYC6sZpJjxLXH3;2,00;9,00;8,00;9,00;7,00;9,00;9,00;9,00;9,00;9,00;9,00;7,00;7,00;3;0,00;0;2;1;0;0;0;0;0;8,00;8,00;8,00;7,00;8,00;7,00;8,00;7,00;8,00;6,00;8,00;7,00;8,00;7,00;6,00;3,00;3,00;5,00;8,00;7,00;2;10,00;6;8;8;8;5;6;5;7;6;8,00;10,00;1,00;1,00;6,00;1,00;6,00;5,00;4,00;8,00;4,00;4,00;6,00;2;23,00;1;2;2;1;0,27884;0,83887;0,41172;0,83165;0,59007;-0,18703;0,94320;0,54249;3;3;3;142,00
R_ebLSZkCc6umdRnP;10,00;8,00;8,00;7,00;4,00;7,00;8,00;8,00;8,00;9,00;9,00;8,00;5,00;1;4,00;30;2;1;1;0;0;1;0;8,00;7,00;7,00;7,00;8,00;3,00;5,00;6,00;7,00;7,00;9,00;7,00;8,00;5,00;6,00;5,00;7,00;4,00;8,00;6,00;1;10,00;7;7;6;7;6;8;6;7;7;10,00;4,00;6,00;1,00;3,00;10,00;10,00;6,00;7,00;6,00;7,00;7,00;8,00;1;25,00;3;1;2;3;1,03709;0,49562;0,36048;-0,85622;-0,63539;0,54285;0,72849;-1,48333;4;5;4;180,00
R_1C14PwrqSZ3DL2L;3,00;6,00;6,00;7,00;8,00;9,00;9,00;5,00;6,00;10,00;8,00;7,00;8,00;1;1,00;4;2;1;0;0;0;0;0;7,00;10,00;7,00;6,00;5,00;4,00;5,00;5,00;9,00;6,00;9,00;5,00;9,00;5,00;7,00;4,00;10,00;4,00;9,00;6,00;1;10,00;8;7;7;8;6;7;8;9;8;7,00;10,00;5,00;1,00;1,00;8,00;9,00;8,00;9,00;8,00;10,00;7,00;7,00;2;22,00;1;1;2;2;0,67163;0,09917;0,55227;0,02960;0,18104;0,73785;-0,44379;-0,94040;4;5;4;108,00
R_1lubooXHtdy6DRV;1,00;3,00;6,00;10,00;7,00;10,00;5,00;5,00;3,00;7,00;8,00;6,00;7,00;1;0,00;6;1;1;0;0;0;0;0;5,00;8,00;7,00;6,00;9,00;3,00;5,00;7,00;7,00;9,00;8,00;3,00;6,00;6,00;6,00;6,00;7,00;2,00;10,00;8,00;1;10,00;2;7;10;10;2;10;2;7;7;7,00;3,00;1,00;1,00;10,00;7,00;9,00;5,00;7,00;5,00;7,00;8,00;10,00;2;23,00;2;2;1;4;0,61456;-0,53737;0,14959;0,90328;1,05290;-1,36463;-1,08437;-1,74286;2;2;4;114,00
R_33lptb2aPdD2fim;5,00;7,00;6,00;10,00;10,00;10,00;9,00;5,00;7,00;10,00;9,00;10,00;8,00;1;1,00;2;2;1;0;0;1;0;0;6,00;9,00;9,00;8,00;9,00;2,00;9,00;6,00;10,00;7,00;9,00;8,00;10,00;7,00;1,00;5,00;9,00;2,00;7,00;9,00;1;3,00;8;6;8;8;8;8;3;3;10;8,00;9,00;1,00;1,00;3,00;10,00;9,00;6,00;7,00;10,00;10,00;10,00;6,00;2;19,00;1;3;1;5;0,59836;0,34539;0,24016;0,30440;0,53357;1,59167;0,66235;-0,96850;4;5;4;87,00
R_1OHxBdXNRXGP0v2;5,00;7,00;4,00;9,00;4,00;10,00;9,00;4,00;5,00;7,00;5,00;2,00;6,00;2;0,00;0;2;1;0;0;0;0;0;2,00;8,00;2,00;2,00;2,00;2,00;7,00;6,00;7,00;7,00;7,00;8,00;7,00;5,00;6,00;7,00;6,00;7,00;7,00;8,00;2;7,00;6;6;8;9;7;10;4;7;7;9,00;10,00;2,00;1,00;1,00;6,00;7,00;9,00;8,00;7,00;7,00;6,00;6,00;1;20,00;1;1;1;3;0,71044;-1,46553;-2,42593;0,22052;0,78587;1,09600;-1,24906;-0,74851;4;5;4;103,00
R_12PEycRCFdrDoQC;7,00;1,00;9,00;10,00;10,00;9,00;8,00;10,00;6,00;10,00;10,00;6,00;10,00;2;4,00;0;2;1;1;0;0;0;0;5,00;9,00;4,00;3,00;9,00;3,00;10,00;4,00;9,00;9,00;5,00;6,00;5,00;7,00;9,00;3,00;5,00;8,00;7,00;3,00;1;10,00;5;3;9;4;8;1;10;8;8;1,00;3,00;7,00;5,00;6,00;1,00;2,00;3,00;4,00;5,00;6,00;7,00;8,00;1;21,00;7;1;1;5;0,31991;0,93037;-0,56993;0,20975;1,30415;-0,22295;0,96051;-3,71655;4;5;4;153,00
R_3IQP3picOilbpTU;1,00;2,00;2,00;10,00;1,00;10,00;8,00;1,00;7,00;8,00;7,00;1,00;6,00;2;0,00;0;2;1;0;0;0;0;0;7,00;8,00;2,00;2,00;2,00;2,00;8,00;7,00;1,00;2,00;4,00;2,00;3,00;2,00;2,00;2,00;7,00;2,00;9,00;4,00;2;5,00;1;1;1;8;1;5;1;1;1;6,00;10,00;2,00;2,00;2,00;4,00;4,00;4,00;6,00;4,00;5,00;4,00;4,00;1;24,00;1;2;2;2;-1,09051;-0,54543;-1,12568;-0,57109;0,98144;-0,53157;-2,05599;-0,97103;4;5;4;25,00
R_1mC4fmHrdq0X6SV;0,00;1,00;4,00;3,00;1,00;3,00;10,00;10,00;7,00;9,00;10,00;10,00;9,00;2;2,00;0;2;0;0;0;0;0;1;5,00;7,00;6,00;1,00;1,00;1,00;10,00;8,00;10,00;1,00;6,00;7,00;6,00;6,00;7,00;5,00;8,00;2,00;10,00;9,00;2;6,00;8;6;6;8;8;9;6;8;7;7,00;10,00;1,00;1,00;1,00;10,00;9,00;9,00;8,00;9,00;7,00;6,00;7,00;1;22,00;1;2;2;1;-0,08757;1,48940;-0,60014;-0,60388;-2,50801;0,59611;-0,32360;-1,98046;4;5;4;140,00
R_3dQwVpsFZ437hWX;2,00;3,00;4,00;5,00;3,00;8,00;8,00;8,00;7,00;8,00;5,00;6,00;8,00;2;0,00;1;2;1;0;0;0;0;0;7,00;9,00;8,00;7,00;3,00;3,00;6,00;6,00;7,00;6,00;5,00;7,00;7,00;4,00;5,00;5,00;9,00;5,00;10,00;6,00;2;10,00;9;7;6;9;6;9;6;9;8;7,00;10,00;5,00;1,00;1,00;8,00;8,00;9,00;7,00;7,00;4,00;4,00;8,00;2;21,00;1;2;1;1;0,27635;-0,22375;0,72602;-0,00716;-0,40642;-0,41005;-1,05734;-1,42427;4;5;4;118,00
R_yWxp3H8t3YUOHRv;0,00;2,00;5,00;6,00;2,00;8,00;9,00;8,00;8,00;10,00;7,00;3,00;7,00;2;0,00;0;2;1;0;0;0;0;0;7,00;10,00;7,00;2,00;1,00;1,00;8,00;8,00;8,00;8,00;9,00;7,00;5,00;8,00;1,00;4,00;2,00;6,00;10,00;7,00;2;8,00;4;3;6;8;7;7;5;7;6;7,00;10,00;2,00;1,00;2,00;7,00;9,00;5,00;6,00;9,00;9,00;10,00;4,00;2;22,00;1;2;2;1;-1,24198;0,13222;-0,09763;0,41776;0,15625;0,51365;-0,78528;-1,49040;4;5;4;133,00
R_1q1DEx6wytvWQRJ;2,00;8,00;8,00;9,00;2,00;10,00;10,00;5,00;7,00;10,00;6,00;6,00;10,00;2;0,00;0;2;1;0;0;0;0;0;5,00;10,00;5,00;2,00;5,00;2,00;8,00;6,00;4,00;5,00;9,00;8,00;7,00;6,00;3,00;5,00;3,00;10,00;10,00;8,00;1;10,00;8;8;8;10;6;7;4;5;6;8,00;10,00;1,00;1,00;1,00;5,00;8,00;5,00;9,00;10,00;1,00;1,00;7,00;2;23,00;1;2;2;1;-0,69050;-0,61071;-0,52002;0,92554;1,19001;1,37165;-0,34576;-0,07878;4;5;4;138,00
R_248Z7sk8dTUCwXM;7,00;3,00;4,00;9,00;8,00;10,00;8,00;4,00;8,00;10,00;6,00;2,00;9,00;2;1,00;1;1;1;1;1;0;0;0;3,00;10,00;8,00;8,00;9,00;1,00;5,00;4,00;7,00;10,00;5,00;6,00;8,00;5,00;7,00;7,00;10,00;1,00;10,00;7,00;1;7,00;6;6;7;9;3;3;6;7;3;6,00;9,00;6,00;3,00;1,00;7,00;7,00;7,00;10,00;8,00;10,00;4,00;5,00;2;19,00;1;3;1;1;1,30620;-0,01547;0,05839;0,04053;0,46029;0,90997;-2,25574;-2,52036;4;5;4;83,00
R_egPpubYe0EOu4Br;3,00;6,00;6,00;10,00;3,00;10,00;8,00;9,00;7,00;8,00;9,00;8,00;6,00;3;2,00;1;2;1;0;0;0;0;0;9,00;9,00;7,00;4,00;2,00;1,00;8,00;8,00;6,00;6,00;7,00;7,00;6,00;5,00;8,00;6,00;7,00;5,00;9,00;6,00;1;10,00;6;5;3;9;2;10;2;8;6;7,00;10,00;1,00;3,00;1,00;6,00;7,00;9,00;7,00;7,00;7,00;4,00;8,00;1;21,00;1;2;1;1;0,41911;0,25918;0,34287;-0,57746;0,97236;0,10051;-0,19569;-0,90949;4;5;4;27,00
R_1f30V187cB5HY4A;2,00;5,00;6,00;8,00;7,00;8,00;9,00;9,00;6,00;10,00;9,00;7,00;8,00;3;0,00;2;2;1;0;0;0;0;0;5,00;10,00;8,00;6,00;5,00;3,00;7,00;5,00;9,00;9,00;10,00;4,00;8,00;5,00;5,00;7,00;9,00;6,00;7,00;8,00;1;10,00;7;7;7;10;4;5;8;8;7;7,00;10,00;1,00;1,00;1,00;9,00;9,00;4,00;9,00;8,00;9,00;9,00;8,00;2;21,00;1;2;1;1;0,58060;0,45873;-0,11684;0,66583;0,09659;1,01398;-0,11701;-1,09331;4;5;4;119,00
R_2eOHx2NsWptkmCH;2,00;5,00;1,00;9,00;1,00;10,00;8,00;3,00;5,00;7,00;8,00;6,00;8,00;3;0,00;1;1;0;0;0;0;0;1;9,00;10,00;4,00;1,00;1,00;1,00;4,00;3,00;9,00;3,00;9,00;3,00;9,00;3,00;1,00;1,00;6,00;5,00;9,00;5,00;1;10,00;6;6;5;10;2;5;2;4;4;9,00;10,00;4,00;1,00;6,00;6,00;10,00;8,00;9,00;10,00;8,00;8,00;9,00;2;24,00;1;2;2;1;-1,43831;-1,05141;-0,15279;-0,38891;0,88931;0,13072;-1,12270;-0,88367;4;5;4;135,00
R_2y8c3q9M2tdUC7u;2,00;5,00;6,00;9,00;3,00;9,00;9,00;8,00;8,00;8,00;8,00;8,00;5,90;3;2,00;1;1;0;0;0;0;0;1;8,00;6,00;6,00;1,00;1,00;3,00;4,00;4,00;4,00;5,00;7,00;5,00;8,00;6,00;5,00;4,00;6,00;5,00;9,00;9,00;1;9,00;8;7;4;9;4;7;4;5;7;9,00;8,00;1,00;2,00;1,00;3,00;5,00;7,00;7,00;5,00;6,00;8,00;5,00;1;22,00;1;3;1;1;-0,13239;0,64125;-0,67448;-0,28021;0,21843;0,27532;0,08100;-0,88349;4;5;4;101,00
R_2aUHb3qCQHqE5Wv;2,00;7,00;1,00;8,00;5,00;10,00;8,00;6,00;8,00;10,00;9,00;8,00;7,00;3;1,00;1;2;0;0;0;0;0;1;5,00;9,00;9,00;7,00;1,00;1,00;3,00;2,00;8,00;8,00;9,00;5,00;10,00;5,00;5,00;7,00;6,00;4,00;8,00;7,00;1;10,00;8;8;8;8;5;5;8;8;5;9,00;10,00;6,00;1,00;9,00;2,00;9,00;7,00;10,00;10,00;9,00;7,00;8,00;2;23,00;1;3;1;1;-0,11891;0,26911;-0,02314;0,23481;-0,04714;1,05903;-0,42548;-0,38100;4;5;4;96,00
R_r6EiM7Faki5RLd7;1,00;10,00;10,00;10,00;2,00;10,00;10,00;7,00;7,00;10,00;9,00;9,00;8,00;1;0,00;0;2;0;0;0;0;0;1;10,00;7,00;10,00;3,00;10,00;2,00;1,00;1,00;8,00;10,00;10,00;10,00;1,00;10,00;1,00;1,00;10,00;2,00;10,00;2,00;1;5,00;3;4;4;8;2;5;3;3;3;9,00;10,00;4,00;1,00;1,00;10,00;10,00;10,00;10,00;10,00;7,00;10,00;8,00;1;22,00;1;1;2;2;0,16327;0,74143;1,68966;-1,77587;1,23587;-0,19598;0,39455;1,42250;1;4;5;110,00
R_2AQHneMb1ht18NQ;0,00;7,00;1,00;1,00;6,00;7,00;9,00;8,00;10,00;10,00;9,00;10,00;13,00;1;0,00;2;2;0;1;0;1;0;0;9,00;6,00;10,00;3,00;10,00;1,00;3,00;1,00;9,00;10,00;6,00;7,00;3,00;1,00;3,00;4,00;1,00;5,00;10,00;10,00;1;18,00;10;2;2;4;1;10;4;10;5;10,00;1,00;4,00;1,00;1,00;5,00;7,00;8,00;7,00;9,00;8,00;3,00;5,00;2;23,00;4;1;1;2;-1,87464;1,60463;0,52839;1,32902;-2,66845;1,21840;0,50103;0,07479;5;6;5;57,00
R_2SlgN0ANkWYFuU3;0,00;8,00;3,00;10,00;1,00;10,00;10,00;4,00;9,00;10,00;10,00;3,00;6,00;1;0,00;0;2;1;0;0;0;0;0;7,00;4,00;10,00;1,00;9,00;1,00;2,00;1,00;7,00;10,00;10,00;3,00;10,00;2,00;1,00;1,00;4,00;4,00;10,00;3,00;1;5,00;10;7;3;8;2;5;5;7;6;8,00;10,00;5,00;5,00;1,00;4,00;10,00;9,00;8,00;10,00;9,00;10,00;10,00;2;22,00;1;1;2;1;-1,97554;1,07313;0,29886;-0,43272;0,39677;-0,31682;-1,15168;1,27891;5;6;5;124,00
R_22kKzLaDnnqLOc7;2,00;6,00;2,00;1,00;5,00;6,00;10,00;1,00;5,00;10,00;10,00;10,00;17,00;1;0,00;10;1;1;0;0;0;1;0;1,00;5,00;10,00;10,00;10,00;1,00;6,00;10,00;8,00;10,00;10,00;1,00;10,00;1,00;1,00;1,00;8,00;6,00;10,00;9,00;1;20,00;4;10;10;7;10;4;7;7;7;8,00;7,00;1,00;1,00;1,00;8,00;8,00;5,00;8,00;7,00;4,00;3,00;9,00;2;23,00;2;2;2;4;-1,41524;0,51760;0,47185;1,42255;-2,60771;0,53035;-0,62205;-0,62792;5;6;5;160,00
R_1oiFYOqEft881hV;4,00;9,00;2,00;2,00;1,00;3,00;1,00;6,00;6,00;10,00;9,00;8,00;7,00;1;0,00;1;1;1;0;0;0;1;0;8,00;7,00;10,00;6,00;6,00;1,00;2,00;3,00;10,00;9,00;9,00;7,00;9,00;5,00;10,00;1,00;9,00;7,00;10,00;1,00;1;14,00;4;6;7;8;9;6;8;5;7;8,00;10,00;2,00;1,00;1,00;9,00;10,00;8,00;10,00;9,00;9,00;7,00;7,00;1;19,00;1;3;1;2;-0,04649;0,44022;2,07759;-1,05718;-2,70483;-2,40977;-0,65818;-0,42529;4;5;5;38,00
R_2dHfgfZvCzC92WN;3,00;9,00;1,00;1,00;3,00;7,00;6,00;10,00;10,00;10,00;10,00;1,00;8,50;1;0,00;0;2;0;0;0;1;0;1;10,00;10,00;10,00;10,00;1,00;3,00;5,00;2,00;10,00;5,00;10,00;5,00;10,00;2,00;9,00;5,00;9,00;2,00;9,00;10,00;1;12,00;7;4;4;9;5;9;4;5;5;9,00;10,00;2,00;1,00;3,00;8,00;8,00;8,00;9,00;8,00;6,00;8,00;7,00;1;22,00;1;3;1;1;0,69510;1,33635;1,15955;0,09567;-2,42448;0,45048;-2,37146;0,25988;5;6;5;40,00
R_1QGC6VNJ2iYblU1;4,00;10,00;2,00;7,00;2,00;8,00;8,00;1,00;6,00;10,00;8,00;5,00;5,00;1;0,00;0;2;1;0;0;1;0;0;10,00;10,00;10,00;9,00;8,00;1,00;1,00;1,00;10,00;9,00;10,00;2,00;10,00;1,00;5,00;1,00;10,00;1,00;10,00;7,00;1;15,00;3;3;5;10;2;10;3;10;5;8,00;10,00;2,00;1,00;3,00;6,00;10,00;5,00;10,00;8,00;4,00;10,00;10,00;2;20,00;1;3;1;2;-0,18287;-0,70721;2,07171;-0,40833;-0,76222;0,72616;-1,73208;0,52051;5;6;5;46,00
R_1X0g6Ovc31UGgCd;0,00;10,00;7,00;5,00;3,00;8,00;6,00;4,00;7,00;10,00;9,00;2,00;8,00;2;2,00;0;1;0;0;0;0;0;1;7,00;9,00;10,00;5,00;4,00;2,00;8,00;9,00;10,00;5,00;7,00;3,00;8,00;5,00;3,00;2,00;5,00;9,00;10,00;4,00;1;10,00;6;4;2;5;4;6;4;5;4;7,00;10,00;1,00;1,00;3,00;7,00;8,00;5,00;9,00;9,00;6,00;8,00;3,00;1;21,00;1;1;1;2;-1,04245;0,05034;1,08221;0,46759;0,03114;-0,97033;-1,26756;1,24838;5;6;5;109,00
R_2rAYUSdzGAwYRzM;0,00;5,00;1,00;1,00;5,00;6,00;7,00;7,00;8,00;9,00;7,00;4,00;7,00;2;0,00;0;2;1;1;0;0;0;0;7,00;8,00;8,00;1,00;8,00;1,00;1,00;1,00;5,00;6,00;10,00;7,00;10,00;1,00;1,00;1,00;6,00;5,00;10,00;9,00;1;10,00;5;4;4;5;2;4;3;6;4;7,00;10,00;5,00;1,00;3,00;9,00;9,00;8,00;7,00;9,00;5,00;5,00;6,00;1;22,00;1;1;2;3;-1,70706;0,90185;0,13635;0,79000;-2,30834;0,21768;-1,52310;-0,55765;5;6;5;125,00
R_33EA6hVeymrfYgb;3,00;8,00;5,00;3,00;3,00;9,00;9,00;8,00;8,00;10,00;7,00;3,00;9,00;2;2,00;0;2;0;0;0;1;0;0;6,00;10,00;8,00;4,00;1,00;5,00;6,00;8,00;8,00;8,00;8,00;8,00;7,00;3,00;4,00;2,00;8,00;3,00;9,00;6,00;1;7,00;6;6;8;9;3;4;4;5;4;7,00;10,00;1,00;1,00;4,00;8,00;8,00;10,00;7,00;6,00;9,00;4,00;10,00;2;19,00;1;1;1;4;-0,25699;0,40098;0,41452;-0,50229;-0,64442;0,67475;-1,18876;-0,05430;5;6;5;111,00
R_sNK9uXq5AYIgjAd;0,00;6,00;9,00;9,00;2,00;10,00;6,00;7,00;9,00;10,00;10,00;9,00;9,00;2;0,00;0;2;1;0;0;0;0;0;10,00;10,00;10,00;8,00;7,00;6,00;9,00;5,00;8,00;9,00;9,00;3,00;8,00;3,00;2,00;1,00;6,00;5,00;8,00;5,00;1;6,00;6;6;3;8;2;3;2;2;7;6,00;10,00;1,00;1,00;2,00;7,00;9,00;8,00;9,00;6,00;8,00;7,00;6,00;1;21,00;1;2;1;1;-1,08397;0,85806;1,84311;0,59150;1,10664;-1,51761;0,68468;0,15154;5;6;5;141,00
R_3EmUt6n1V54E05q;1,00;8,00;5,00;7,00;1,00;9,00;9,00;5,00;8,00;7,00;7,00;6,00;9,00;2;1,00;1;1;0;0;0;0;1;0;6,00;9,00;8,00;6,00;7,00;1,00;2,00;5,00;7,00;6,00;8,00;6,00;5,00;3,00;5,00;5,00;7,00;1,00;8,00;4,00;1;8,00;6;6;6;6;6;6;6;6;6;8,00;10,00;4,00;1,00;1,00;8,00;8,00;7,00;9,00;8,00;8,00;7,00;7,00;1;21,00;1;3;1;1;0,10046;-0,40650;0,24988;-0,67208;0,21320;-0,30342;-0,64341;1,15749;2;2;5;34,00
R_XXSXES3V6uH6KfT;2,00;9,00;5,00;10,00;6,00;10,00;9,00;10,00;10,00;10,00;10,00;7,00;7,50;2;0,00;0;2;1;1;0;0;0;0;7,00;10,00;8,00;1,00;4,00;1,00;4,00;5,00;9,00;7,00;8,00;8,00;9,00;2,00;1,00;1,00;8,00;7,00;8,00;7,00;1;7,00;4;7;5;10;4;7;3;4;4;7,00;10,00;8,00;1,00;1,00;7,00;9,00;9,00;8,00;10,00;10,00;8,00;9,00;2;20,00;1;3;1;1;-1,28369;1,71845;-0,01189;-0,13711;0,73472;1,10446;-0,40099;0,21977;4;5;5;50,00
R_2BhpJ8HNcI3Nhn3;4,00;9,00;1,00;7,00;1,00;9,00;10,00;5,00;9,00;10,00;8,00;5,00;7,00;3;0,00;0;2;1;1;0;1;0;0;7,00;10,00;9,00;4,00;9,00;2,00;2,00;6,00;9,00;9,00;9,00;6,00;9,00;6,00;6,00;2,00;10,00;5,00;10,00;7,00;1;10,00;5;5;5;9;2;9;2;9;9;7,00;10,00;6,00;1,00;10,00;7,00;9,00;8,00;8,00;9,00;8,00;2,00;8,00;2;21,00;1;1;2;3;0,23135;0,34846;0,89733;-0,17491;-0,45129;1,32316;-2,13583;0,29404;5;6;5;168,00
R_1j9AdDLZ1REXBRK;2,00;8,00;7,00;5,00;7,00;5,00;9,00;7,00;9,00;9,00;8,00;9,00;9,00;1;0,00;0;2;1;0;0;0;0;0;10,00;8,00;10,00;6,00;1,00;1,00;5,00;7,00;10,00;10,00;6,00;6,00;7,00;7,00;4,00;3,00;7,00;2,00;7,00;1,00;1;15,00;6;4;5;5;5;7;7;10;7;9,00;1,00;1,00;1,00;4,00;1,00;3,00;2,00;3,00;4,00;3,00;5,00;3,00;2;22,00;2;1;2;5;0,11230;0,47330;1,01263;-1,80463;-0,90755;-0,13200;1,69745;0,64017;1;1;1;1,00
R_b1vMFdlJKEBucjD;2,00;7,00;7,00;4,00;3,00;5,00;6,00;6,00;7,00;8,00;6,00;8,00;5,00;1;0,00;20;1;0;0;0;0;1;0;10,00;6,00;8,00;6,00;3,00;1,00;3,00;1,00;1,00;10,00;7,00;5,00;9,00;4,00;6,00;1,00;1,00;1,00;7,00;6,00;1;12,00;5;6;4;8;6;8;7;8;10;6,00;2,00;1,00;1,00;5,00;6,00;8,00;5,00;9,00;7,00;5,00;3,00;2,00;2;23,00;3;1;2;4;-0,79755;-0,49576;0,63217;-0,78412;-1,55314;-1,10305;1,94460;0,00751;1;1;1;2,00
R_2cuX3BuqEqmME4f;4,00;7,00;2,00;8,00;4,00;7,00;6,00;2,00;5,00;9,00;6,00;1,00;5,00;3;11,00;2;1;0;0;0;0;0;1;5,00;8,00;2,00;2,00;4,00;2,00;2,00;8,00;4,00;4,00;7,00;8,00;5,00;6,00;1,00;9,00;2,00;2,00;2,00;8,00;1;7,00;5;5;6;9;5;5;3;4;4;7,00;10,00;3,00;2,00;2,00;7,00;5,00;8,00;7,00;7,00;8,00;9,00;8,00;1;24,00;1;2;2;2;0,20900;-1,91106;-2,86972;0,18353;-0,54084;1,44989;0,42034;-0,07733;1;1;1;28,00
R_25R9ItM8JFH6Xed;4,00;9,00;3,00;3,00;3,00;5,00;9,00;3,00;3,00;10,00;3,00;3,00;8,00;3;0,00;0;2;0;1;0;0;0;0;5,00;8,00;5,00;5,00;5,00;5,00;8,00;5,00;8,00;8,00;7,00;5,00;7,00;5,00;5,00;2,00;4,00;8,00;8,00;5,00;2;5,00;8;8;8;8;4;4;4;6;6;8,00;10,00;8,00;1,00;1,00;9,00;7,00;7,00;10,00;10,00;7,00;10,00;7,00;2;26,00;1;2;2;1;-0,19880;-2,11096;-0,11761;0,37087;-1,53180;0,75376;-0,10465;-0,07132;1;1;1;159,00
R_3posf9sIH87oDlc;2,00;6,00;8,00;8,00;4,00;8,00;8,00;2,00;7,00;9,00;7,00;4,00;8,00;1;1,00;1;1;1;0;0;0;0;0;7,00;4,00;8,00;3,00;9,00;2,00;2,00;1,00;7,00;7,00;8,00;5,00;5,00;6,00;6,00;7,00;9,00;4,00;9,00;8,00;1;10,00;6;3;5;6;4;8;7;4;3;8,00;10,00;1,00;1,00;1,00;3,00;5,00;8,00;5,00;6,00;8,00;6,00;4,00;1;20,00;1;1;1;2;0,89197;0,03199;-0,44247;-0,09325;-0,29356;-0,11739;-0,88426;0,15344;2;2;2;61,00
R_3lQsfzFlCdo5OjR;0,00;5,00;6,00;7,00;2,00;9,00;9,00;4,00;9,00;7,00;8,00;7,00;7,00;1;0,00;1;2;1;1;0;0;0;0;3,00;10,00;7,00;8,00;10,00;1,00;1,00;2,00;10,00;9,00;7,00;4,00;9,00;1,00;1,00;1,00;3,00;4,00;8,00;6,00;1;7,00;5;6;9;10;5;8;5;5;10;8,00;10,00;6,00;1,00;2,00;8,00;9,00;8,00;10,00;7,00;10,00;8,00;8,00;2;19,00;2;1;1;1;-1,67692;0,02157;-0,04338;1,08178;0,52767;-0,84337;-0,23368;0,22658;2;2;2;126,00
R_28PcIMR222gKkul;1,00;7,00;7,00;10,00;1,00;10,00;6,00;8,00;8,00;10,00;10,00;8,00;8,00;1;0,00;2;1;0;0;0;0;0;1;5,00;8,00;6,00;6,00;1,00;1,00;6,00;2,00;2,00;6,00;6,00;6,00;5,00;2,00;1,00;7,00;5,00;4,00;8,00;1,00;1;8,00;8;8;9;9;8;9;8;8;8;8,00;10,00;5,00;4,00;5,00;8,00;9,00;8,00;10,00;10,00;9,00;8,00;8,00;1;24,00;1;2;2;1;-0,97652;0,75926;-0,23896;-0,88868;1,14705;-0,80012;0,43275;0,12698;2;2;2;150,00
R_3nVQbGkvX065XXS;5,00;5,00;7,00;5,00;8,00;4,00;7,00;5,00;7,00;7,00;3,00;6,00;6,00;1;3,00;3;2;1;0;0;1;0;0;7,00;4,00;6,00;9,00;4,00;7,00;5,00;8,00;3,00;6,00;7,00;4,00;6,00;8,00;4,00;6,00;10,00;7,00;4,00;7,00;1;15,00;4;5;7;7;8;6;8;4;5;7,00;10,00;2,00;1,00;7,00;7,00;7,00;8,00;7,00;6,00;9,00;4,00;7,00;1;20,00;1;3;1;2;1,94048;-0,92821;-1,07713;0,06334;-1,49667;-0,81908;1,41263;-0,61146;2;2;2;62,00
R_2xCTt8jtKZScaXX;1,00;8,00;4,00;7,00;3,00;7,00;6,00;6,00;5,00;9,00;6,00;4,00;6,00;2;0,00;0;2;1;0;1;0;0;0;4,00;7,00;7,00;5,00;8,00;5,00;5,00;7,00;8,00;8,00;7,00;8,00;5,00;4,00;7,00;5,00;7,00;5,00;10,00;3,00;1;10,00;6;8;9;9;5;6;5;7;7;9,00;10,00;4,00;5,00;2,00;7,00;8,00;9,00;8,00;4,00;5,00;8,00;8,00;1;22,00;1;1;1;1;0,33392;-0,37685;0,27595;0,06970;-0,39018;-1,25903;-1,19740;0,29513;2;2;2;9,00
R_1JX8Mf0t5btBaZn;0,00;10,00;6,00;10,00;4,00;10,00;10,00;5,00;10,00;5,00;10,00;1,00;10,00;2;0,00;0;2;0;0;0;0;0;1;1,00;10,00;1,00;1,00;1,00;1,00;1,00;3,00;8,00;1,00;10,00;8,00;8,00;1,00;1,00;3,00;9,00;2,00;10,00;2,00;1;10,00;5;6;8;10;4;9;4;5;7;8,00;10,00;5,00;1,00;1,00;10,00;10,00;5,00;8,00;8,00;6,00;4,00;10,00;2;23,00;1;1;2;2;-0,50149;1,01459;-2,27883;-1,20922;1,70312;-0,44749;-2,80521;1,92832;2;2;2;128,00
R_BX8lstpYUYPyzWp;4,00;6,00;4,00;6,00;1,00;7,00;6,00;4,00;5,00;7,00;7,00;1,00;6,00;2;0,00;1;2;1;0;0;0;0;0;2,00;7,00;6,00;3,00;1,00;1,00;1,00;4,00;7,00;5,00;3,00;5,00;8,00;6,00;3,00;4,00;6,00;4,00;5,00;5,00;2;5,00;7;5;5;8;7;9;4;6;6;6,00;9,00;1,00;1,00;4,00;1,00;5,00;6,00;6,00;2,00;5,00;1,00;8,00;1;20,00;1;2;2;2;-0,00498;-1,17506;-1,57409;-0,69288;-0,36975;-0,76217;-0,84942;-0,45556;4;5;2;21,00
R_2OOWn96edxjLrVZ;1,00;6,00;2,00;6,00;5,00;8,00;7,00;5,00;9,00;8,00;8,00;4,00;7,00;2;0,00;0;2;1;0;0;0;0;0;7,00;9,00;5,00;1,00;1,00;1,00;5,00;4,00;7,00;5,00;5,00;4,00;7,00;7,00;6,00;3,00;6,00;8,00;4,00;5,00;1;7,00;6;7;5;8;4;6;2;4;4;7,00;10,00;3,00;1,00;1,00;5,00;5,00;4,00;7,00;9,00;6,00;8,00;9,00;2;21,00;1;2;1;2;-0,30804;-0,03627;-1,45324;-0,03348;-0,25754;0,00392;-0,05399;0,25892;4;5;2;137,00
R_DNyOvnsuKMqlm25;4,00;6,00;5,00;8,00;4,00;8,00;6,00;6,00;5,00;8,00;6,00;5,00;8,00;2;1,00;2;1;0;0;0;1;0;0;3,00;5,00;5,00;2,00;6,00;3,00;7,00;5,00;5,00;7,00;7,00;5,00;6,00;3,00;8,00;2,00;6,00;4,00;8,00;1,00;1;5,00;6;7;8;8;5;9;3;5;5;7,00;10,00;1,00;1,00;7,00;7,00;6,00;7,00;6,00;4,00;7,00;2,00;5,00;1;22,00;1;3;1;2;-0,14531;-0,27909;-0,67327;-1,05302;0,04324;-1,64006;-0,03327;-0,93845;2;2;2;175,00
R_3qK9btmQuhDXV0o;0,00;8,00;6,00;10,00;10,00;10,00;2,00;1,00;10,00;6,00;9,00;1,00;7,00;2;0,00;0;2;0;1;0;0;0;0;8,00;10,00;7,00;8,00;4,00;1,00;2,00;3,00;6,00;7,00;2,00;5,00;3,00;7,00;2,00;5,00;3,00;6,00;6,00;6,00;2;5,00;6;5;8;6;7;6;7;7;7;4,00;10,00;5,00;1,00;3,00;10,00;10,00;7,00;10,00;6,00;3,00;1,00;5,00;2;21,00;1;3;1;3;-0,18797;-0,33718;-0,67540;1,25161;1,57683;-2,05849;-0,75395;1,15405;2;2;2;45,00
R_3Grc36DYQcEsiko;1,00;2,00;8,00;8,00;5,00;8,00;4,00;1,00;9,00;8,00;9,00;1,00;10,00;2;0,00;0;2;0;1;0;0;0;0;6,00;6,00;7,00;7,00;6,00;7,00;9,00;8,00;6,00;4,00;3,00;5,00;6,00;6,00;5,00;7,00;6,00;7,00;6,00;7,00;2;3,00;6;5;7;6;5;7;6;7;6;7,00;10,00;8,00;1,00;8,00;2,00;9,00;5,00;8,00;9,00;7,00;7,00;6,00;2;22,00;1;3;1;1;0,51382;0,09968;-1,00703;1,58450;0,39223;-2,31364;-0,80346;-0,59366;2;2;2;53,00
R_3RqiYGCBAkVcEAq;2,00;7,00;7,00;8,00;6,00;7,00;7,00;9,00;8,00;9,00;10,00;9,00;7,00;2;1,00;0;2;0;0;0;0;0;1;5,00;6,00;6,00;5,00;6,00;3,00;6,00;5,00;6,00;6,00;7,00;4,00;5,00;6,00;4,00;4,00;6,00;5,00;7,00;8,00;1;9,00;5;6;4;6;5;5;6;5;5;6,00;5,00;5,00;5,00;5,00;7,00;7,00;7,00;5,00;5,00;3,00;4,00;3,00;2;22,00;1;3;1;2;0,00828;1,35858;-0,82966;0,24365;-0,49681;-0,27276;0,88923;-0,31347;2;2;2;82,00
R_3ndel5UYPgArUmc;1,00;7,00;3,00;7,00;2,00;8,00;8,00;6,00;6,00;8,00;6,00;2,00;7,00;2;1,00;0;2;1;0;0;0;0;0;8,00;6,00;6,00;5,00;1,00;1,00;7,00;5,00;7,00;3,00;5,00;6,00;7,00;7,00;6,00;5,00;7,00;5,00;6,00;7,00;2;8,00;7;6;6;5;5;8;8;8;7;7,00;10,00;6,00;1,00;1,00;5,00;6,00;6,00;6,00;6,00;8,00;7,00;5,00;2;21,00;1;3;1;2;0,55525;-0,80179;-0,85214;-0,45990;-0,41525;0,00295;-0,62587;0,57582;2;2;2;85,00
R_2bUcCT2kVFMBwvQ;1,00;7,00;7,00;8,00;3,00;9,00;9,00;3,00;9,00;8,00;8,00;3,00;10,00;3;0,00;0;2;0;0;0;0;0;1;8,00;3,00;6,00;2,00;6,00;1,00;3,00;2,00;7,00;2,00;5,00;6,00;5,00;4,00;9,00;3,00;9,00;5,00;8,00;6,00;1;10,00;8;4;4;6;5;7;7;5;8;8,00;10,00;1,00;1,00;1,00;6,00;7,00;7,00;6,00;9,00;8,00;8,00;2,00;1;21,00;1;1;1;3;0,32611;0,72723;-0,92059;-0,75335;-0,11363;-0,71431;-0,89477;1,05045;2;2;2;60,00
R_2uy46OLLTd8Wtf2;2,00;8,00;5,00;5,00;6,00;5,00;5,00;9,00;9,00;7,00;8,00;9,00;7,00;3;1,00;1;1;1;0;0;0;1;0;7,00;9,00;7,00;7,00;8,00;7,00;6,00;6,00;5,00;7,00;7,00;5,00;9,00;4,00;5,00;5,00;6,00;2,00;7,00;4,00;1;5,00;7;3;3;6;3;9;5;8;6;7,00;10,00;4,00;1,00;2,00;6,00;6,00;8,00;5,00;7,00;7,00;7,00;5,00;1;19,00;3;3;1;1;0,56665;0,62761;0,27831;0,06244;-1,17844;-1,45017;0,79745;0,39740;2;2;2;47,00
R_2QlHsij5yjhDyKQ;0,00;5,00;5,00;4,00;4,00;4,00;4,00;5,00;6,00;4,00;5,00;5,00;6,00;3;2,00;2;1;1;0;0;0;0;0;4,00;3,00;4,00;3,00;4,00;3,00;3,00;4,00;3,00;4,00;2,00;3,00;4,00;3,00;4,00;3,00;5,00;4,00;4,00;3,00;2;6,00;5;4;5;4;5;5;5;4;5;5,00;10,00;1,00;1,00;1,00;8,00;7,00;8,00;10,00;9,00;9,00;2,00;8,00;2;25,00;1;3;2;2;-0,25964;-0,72249;-1,99261;-0,53685;-1,49672;-3,12273;0,98153;0,50831;2;2;2;92,00
R_27mqpg5ttnTHVx2;0,00;8,00;8,00;9,00;6,00;8,00;7,00;7,00;9,00;9,00;9,00;8,00;6,00;3;0,00;5;2;1;0;0;0;0;0;6,00;9,00;8,00;6,00;6,00;6,00;8,00;8,00;8,00;6,00;8,00;7,00;7,00;3,00;5,00;1,00;3,00;7,00;2,00;3,00;1;5,00;5;6;8;8;5;7;6;6;8;3,00;10,00;1,00;1,00;3,00;5,00;6,00;7,00;8,00;8,00;10,00;9,00;9,00;2;25,00;1;3;2;1;-0,91462;0,29866;-0,25727;0,65980;0,71497;-1,27231;2,47416;1,21028;2;2;2;151,00
R_1HdZEL4kzjo7ZI3;2,00;7,00;10,00;4,00;8,00;10,00;7,00;5,00;6,00;7,00;8,00;7,00;15,00;1;2,00;3;1;1;0;0;0;0;0;7,00;8,00;5,00;7,00;7,00;8,00;8,00;7,00;8,00;8,00;9,00;8,00;9,00;6,00;9,00;6,00;7,00;5,00;8,00;8,00;2;15,00;8;8;9;6;10;7;8;9;9;9,00;7,00;6,00;5,00;6,00;8,00;9,00;9,00;8,00;7,00;8,00;8,00;7,00;1;20,00;3;1;1;4;1,41407;-0,12183;-0,29818;1,12756;0,17094;-0,81324;0,26462;-0,06421;2;2;3;8,00
R_2BaeznlzBH9dZjw;1,00;8,00;8,00;7,00;7,00;8,00;8,00;8,00;7,00;7,00;6,00;6,00;10,00;1;1,00;4;2;0;0;0;0;1;0;7,00;6,00;6,00;9,00;7,00;8,00;8,00;6,00;9,00;9,00;8,00;10,00;7,00;7,00;9,00;6,00;8,00;5,00;9,00;9,00;1;8,00;8;7;6;8;5;5;6;4;6;9,00;9,00;1,00;1,00;1,00;7,00;8,00;9,00;8,00;5,00;6,00;4,00;8,00;1;19,00;2;1;1;4;1,86692;0,14998;-0,16924;0,90381;-0,16653;-0,91009;-0,17164;0,54845;2;2;3;70,00
R_bDtPInbtJpOeGm5;1,00;8,00;7,00;9,00;3,00;10,00;7,00;6,00;9,00;8,00;5,00;7,00;8,00;1;0,00;0;2;1;0;0;1;0;0;8,00;9,00;9,00;7,00;8,00;3,00;6,00;7,00;8,00;9,00;9,00;5,00;10,00;5,00;4,00;5,00;5,00;7,00;8,00;8,00;1;12,00;5;8;8;7;6;7;5;5;6;9,00;10,00;5,00;1,00;6,00;7,00;9,00;9,00;9,00;8,00;7,00;8,00;6,00;1;19,00;1;1;1;2;-0,00479;-0,48718;0,58942;0,92880;0,85397;-0,43572;0,08802;0,74509;3;3;3;167,00
R_3kvn3Ki30I7aPsE;2,00;8,00;5,00;5,00;5,00;7,00;8,00;8,00;7,00;8,00;8,00;8,00;6,00;1;0,00;1;2;1;0;0;0;0;0;8,00;8,00;8,00;8,00;4,00;2,00;8,00;6,00;8,00;8,00;7,00;5,00;6,00;5,00;4,00;7,00;7,00;5,00;8,00;6,00;1;10,00;8;8;9;9;8;9;9;9;9;8,00;10,00;3,00;1,00;4,00;6,00;8,00;7,00;9,00;8,00;8,00;8,00;8,00;2;21,00;1;1;1;2;0,49637;0,07290;0,33200;-0,03150;-0,80874;0,17033;0,27618;0,27694;1;1;3;3,00
R_ZkMpLvxJBfDOzJv;2,00;6,00;3,00;8,00;7,00;10,00;7,00;7,00;7,00;10,00;8,00;10,00;8,00;1;0,00;10;1;1;0;1;1;0;0;10,00;10,00;10,00;10,00;7,00;9,00;4,00;4,00;10,00;9,00;8,00;7,00;9,00;9,00;9,00;5,00;5,00;8,00;9,00;9,00;1;10,00;6;7;10;10;6;10;6;7;7;8,00;6,00;2,00;4,00;4,00;9,00;10,00;10,00;10,00;5,00;8,00;2,00;10,00;2;23,00;2;1;1;3;0,84254;-0,12957;1,70546;2,09809;0,28170;-0,02722;0,38171;-1,01680;3;3;3;122,00
R_1g6Juhwva7qngqu;2,00;6,00;7,00;8,00;4,00;8,00;9,00;7,00;8,00;9,00;8,00;8,00;6,50;1;1,00;2;2;0;0;0;1;0;0;5,00;8,00;8,00;5,00;7,00;5,00;4,00;6,00;5,00;5,00;8,00;6,00;9,00;8,00;5,00;5,00;5,00;6,00;6,00;6,00;1;8,00;8;7;6;9;6;6;5;5;6;7,00;10,00;4,00;1,00;8,00;7,00;8,00;8,00;8,00;8,00;10,00;6,00;7,00;2;21,00;1;3;1;2;0,33304;0,12767;-0,32833;0,50397;0,25134;-0,01390;0,99523;-0,11338;2;2;3;39,00
R_SNSI8sSrvu0i2KR;1,00;8,00;3,00;9,00;3,00;9,00;8,00;6,00;7,00;9,00;9,00;6,00;6,00;2;0,00;0;2;1;0;0;0;0;0;6,00;9,00;7,00;5,00;5,00;4,00;6,00;6,00;8,00;8,00;8,00;5,00;7,00;6,00;4,00;4,00;5,00;5,00;5,00;7,00;2;8,00;5;7;7;7;5;5;6;5;5;6,00;10,00;3,00;1,00;4,00;7,00;8,00;5,00;8,00;9,00;8,00;7,00;6,00;2;24,00;1;2;2;1;-0,19117;-0,23528;-0,54008;0,56737;0,29716;0,33992;0,19310;0,64048;2;2;3;158,00
R_2AZ7T7wmtNw8xqY;2,00;8,00;4,00;4,00;6,00;8,00;10,00;6,00;10,00;8,00;8,00;7,00;7,00;2;3,00;1;2;1;1;0;1;0;0;9,00;6,00;7,00;5,00;5,00;4,00;6,00;5,00;7,00;5,00;4,00;4,00;5,00;4,00;6,00;7,00;4,00;7,00;7,00;9,00;2;3,00;6;7;5;8;4;6;4;6;4;5,00;9,00;9,00;2,00;5,00;8,00;9,00;7,00;9,00;8,00;10,00;8,00;7,00;2;22,00;5;3;1;2;0,17629;0,49603;-0,76051;0,92026;-1,23441;1,01417;0,52426;0,73652;1;1;3;81,00
R_3R45H1onZ09LzJT;2,00;7,00;5,00;9,00;7,00;10,00;9,00;6,00;5,00;8,00;6,00;7,00;7,00;3;0,00;1;2;1;0;0;0;0;0;9,00;10,00;9,00;8,00;9,00;6,00;8,00;5,00;7,00;5,00;10,00;9,00;9,00;4,00;4,00;5,00;8,00;8,00;6,00;6,00;1;8,00;8;8;9;10;6;10;6;8;7;8,00;10,00;2,00;1,00;5,00;7,00;10,00;9,00;9,00;8,00;8,00;9,00;9,00;1;20,00;1;1;1;1;0,49798;-1,18241;0,88423;1,20642;1,01743;0,18182;0,41862;0,08647;3;3;3;113,00
R_2rZASk4ctOKj97P;3,00;7,00;8,00;10,00;10,00;10,00;6,00;6,00;10,00;10,00;8,00;7,00;7,00;3;1,00;1;2;1;0;0;0;0;0;8,00;8,00;8,00;6,00;6,00;5,00;1,00;1,00;8,00;7,00;10,00;8,00;8,00;6,00;8,00;5,00;7,00;6,00;7,00;7,00;1;7,00;8;5;5;6;4;10;5;4;4;8,00;10,00;5,00;1,00;1,00;10,00;10,00;10,00;10,00;10,00;10,00;10,00;10,00;1;19,00;1;1;1;2;0,74212;0,91344;0,03691;0,58518;0,79615;-0,29748;0,62678;-0,34336;3;3;3;166,00
R_XXK9bfK1rEO6GHf;1,00;7,00;9,00;10,00;5,00;6,00;7,00;7,00;8,00;7,00;6,00;6,00;5,00;3;0,00;6;1;1;0;0;0;0;0;9,00;9,00;8,00;7,00;7,00;7,00;7,00;6,00;6,00;6,00;8,00;6,00;6,00;6,00;6,00;6,00;6,00;6,00;6,00;6,00;2;5,00;7;5;6;7;7;6;7;6;7;8,00;3,00;1,00;1,00;1,00;7,00;6,00;8,00;8,00;8,00;6,00;7,00;7,00;2;23,00;3;1;2;2;1,05530;-0,58763;0,28166;0,61959;0,57263;-1,22776;0,84648;0,68473;2;2;3;6,00
R_3lzRasVohGAe2GG;2,00;7,00;6,00;7,00;6,00;8,00;8,00;7,00;6,00;8,00;8,00;6,00;9,00;3;0,00;0;2;0;0;0;0;0;1;7,00;8,00;6,00;5,00;7,00;6,00;7,00;5,00;9,00;6,00;6,00;7,00;6,00;5,00;6,00;6,00;7,00;4,00;6,00;7,00;1;8,00;6;8;6;8;5;7;6;7;8;8,00;10,00;6,00;6,00;3,00;7,00;7,00;7,00;7,00;8,00;7,00;8,00;7,00;1;22,00;1;2;2;2;0,84644;-0,14601;-0,53096;0,46237;-0,14322;0,02545;0,33221;0,08055;2;2;3;146,00
R_3Dti0zlwhQa6wBc;0,00;9,00;4,00;9,00;6,00;10,00;10,00;6,00;8,00;10,00;8,00;3,00;7,50;3;1,00;0;2;1;1;0;0;0;0;3,00;10,00;4,00;4,00;9,00;2,00;9,00;7,00;7,00;4,00;10,00;6,00;10,00;5,00;3,00;2,00;6,00;5,00;8,00;7,00;2;7,00;7;8;8;9;5;6;4;5;4;8,00;10,00;9,00;1,00;6,00;4,00;8,00;8,00;9,00;9,00;6,00;5,00;9,00;2;20,00;1;3;1;2;-0,54478;0,55010;-1,09117;0,75676;0,68328;1,08929;-1,21448;0,97858;4;5;3;52,00
R_dhXV5X1xUhc63m1;4,00;7,00;1,00;9,00;3,00;10,00;10,00;3,00;6,00;8,00;7,00;4,00;6,00;1;0,00;0;2;0;0;0;0;0;1;1,00;10,00;2,00;2,00;1,00;1,00;5,00;4,00;7,00;7,00;7,00;2,00;2,00;1,00;1,00;7,00;5,00;9,00;10,00;8,00;1;6,00;4;5;6;9;3;7;4;5;4;7,00;8,00;1,00;1,00;1,00;5,00;6,00;4,00;6,00;7,00;10,00;3,00;9,00;1;21,00;1;2;1;1;-0,91523;-0,88527;-2,06883;0,92420;0,69677;1,95091;-2,14487;-0,93387;4;5;4;20,00
R_3n1Tg2siZ2SyWyC;10,00;2,00;1,00;6,00;3,00;7,00;6,00;7,00;8,00;9,00;5,00;10,00;12,00;1;3,00;0;1;1;0;0;0;0;0;7,00;4,00;5,00;2,00;7,00;1,00;3,00;2,00;8,00;5,00;7,00;6,00;8,00;5,00;3,00;6,00;6,00;5,00;7,00;6,00;1;8,00;7;4;3;5;9;6;7;8;6;8,00;10,00;3,00;1,00;1,00;8,00;7,00;8,00;6,00;6,00;5,00;3,00;6,00;1;21,00;1;3;1;2;0,05148;0,00408;-0,94767;-0,91178;-1,62954;0,59577;1,00925;-3,49668;4;5;4;65,00
R_2BbvNm6AFDDQfa4;5,00;7,00;5,00;7,00;9,00;9,00;10,00;5,00;9,00;10,00;8,00;9,00;8,00;1;3,00;4;1;1;1;0;1;0;0;10,00;10,00;10,00;1,00;1,00;1,00;2,00;1,00;4,00;10,00;10,00;5,00;10,00;5,00;10,00;9,00;10,00;2,00;10,00;3,00;1;5,00;8;4;5;10;3;9;5;8;10;9,00;10,00;9,00;1,00;7,00;10,00;10,00;9,00;10,00;8,00;10,00;10,00;10,00;1;22,00;1;3;1;5;1,21224;0,42062;0,86810;-1,65272;-0,02788;1,91957;-0,13361;-0,84390;4;5;4;98,00
R_p5VlLeHdMpPocKJ;2,00;2,00;8,00;6,00;2,00;8,00;8,00;8,00;9,00;9,00;7,00;7,00;8,00;2;1,00;0;2;0;0;0;0;0;1;3,00;8,00;8,00;3,00;3,00;1,00;8,00;1,00;8,00;1,00;7,00;6,00;5,00;8,00;5,00;4,00;7,00;2,00;7,00;4,00;2;11,00;6;8;8;9;5;8;2;3;5;7,00;10,00;1,00;1,00;1,00;8,00;8,00;9,00;8,00;6,00;5,00;2,00;9,00;1;21,00;1;2;1;1;0,05451;0,63180;-0,46938;-1,07717;0,03695;-0,66998;0,37243;-1,35892;2;2;4;117,00
R_22wYV0hPkm6rOQj;6,00;7,00;5,00;3,00;5,00;6,00;6,00;6,00;7,00;7,00;8,00;4,00;8,00;2;0,00;2;1;1;0;0;0;1;0;8,00;9,00;9,00;6,00;2,00;1,00;3,00;6,00;5,00;5,00;6,00;8,00;8,00;3,00;3,00;7,00;7,00;6,00;8,00;5,00;1;8,00;7;5;4;6;5;7;4;6;5;7,00;10,00;6,00;2,00;1,00;7,00;7,00;7,00;8,00;6,00;8,00;7,00;6,00;1;23,00;1;2;1;1;0,29278;-0,44144;0,34335;-0,35730;-1,11166;-0,15282;-0,66514;-0,84400;4;5;4;177,00
R_T2dhArYNXZrT8n7;10,00;5,00;10,00;10,00;3,00;10,00;10,00;10,00;7,00;10,00;8,00;1,00;8,00;2;3,00;0;2;0;0;0;0;0;1;9,00;9,00;4,00;2,00;1,00;1,00;8,00;6,00;5,00;8,00;10,00;7,00;8,00;3,00;1,00;7,00;9,00;1,00;8,00;2,00;2;8,00;7;8;8;9;8;7;9;9;7;8,00;10,00;1,00;1,00;1,00;8,00;8,00;9,00;9,00;10,00;9,00;9,00;10,00;2;20,00;1;3;1;1;0,67600;0,23730;-0,51823;-2,66135;1,40042;1,52248;-0,43485;-2,25197;4;5;4;77,00
R_1GwcLZg3z8rlgn4;4,00;7,00;9,00;10,00;3,00;9,00;9,00;7,00;10,00;9,00;8,00;7,00;6,00;3;1,00;2;1;1;0;0;0;1;0;3,00;7,00;7,00;1,00;1,00;1,00;5,00;4,00;9,00;6,00;8,00;5,00;8,00;3,00;1,00;1,00;10,00;5,00;8,00;1,00;1;7,00;6;7;4;10;2;10;5;8;7;4,00;9,00;1,00;1,00;1,00;3,00;7,00;7,00;9,00;7,00;9,00;9,00;8,00;1;22,00;1;3;1;1;-0,77118;1,21515;-0,60877;-1,99844;1,08191;-0,47231;0,03110;-0,16295;2;2;4;43,00
R_9KpnvWphbjRJyZX;3,00;10,00;5,00;10,00;5,00;10,00;10,00;10,00;9,00;10,00;10,00;9,00;5,00;1;0,00;1;1;0;1;0;0;0;0;10,00;5,00;10,00;5,00;1,00;1,00;1,00;1,00;5,00;5,00;10,00;6,00;10,00;1,00;1,00;1,00;5,00;1,00;8,00;1,00;1;10,00;10;7;9;6;8;6;8;6;9;8,00;10,00;7,00;1,00;1,00;10,00;10,00;10,00;10,00;10,00;10,00;1,00;9,00;2;21,00;1;3;1;3;-1,41357;1,43291;0,95542;-2,07756;0,42882;0,19718;1,51945;0,75025;5;6;5;72,00
R_1E03x9D4UoYwLqb;1,00;7,00;4,00;6,00;4,00;8,00;10,00;7,00;5,00;10,00;4,00;10,00;10,00;1;0,00;10;2;1;0;0;1;1;0;10,00;8,00;10,00;6,00;10,00;5,00;5,00;4,00;10,00;8,00;9,00;4,00;8,00;8,00;10,00;5,00;6,00;3,00;10,00;2,00;1;10,00;9;7;8;8;6;8;7;9;7;9,00;8,00;2,00;1,00;7,00;7,00;7,00;7,00;9,00;9,00;9,00;7,00;6,00;2;25,00;2;1;2;2;0,90340;-0,96945;2,09076;-0,46063;-0,38939;0,12483;0,91273;0,07602;1;4;1;18,00
R_tVA3rWJ0hEDN0d3;0,00;8,00;9,00;7,00;7,00;7,00;8,00;2,00;1,00;9,00;5,00;9,00;8,00;1;0,00;2;2;0;1;0;1;0;0;8,00;7,00;8,00;6,00;3,00;2,00;2,00;6,00;3,00;1,00;7,00;7,00;6,00;5,00;4,00;7,00;8,00;2,00;8,00;8,00;1;10,00;9;4;5;8;3;8;8;10;6;10,00;6,00;5,00;7,00;5,00;6,00;7,00;8,00;8,00;9,00;5,00;7,00;6,00;2;23,00;2;1;2;2;0,65498;-1,87396;0,42927;-0,21419;-0,26107;0,58386;1,09582;0,31595;1;4;1;51,00
R_1GB9N3TEbAwUBPY;1,00;9,00;2,00;4,00;5,00;4,00;6,00;2,00;4,00;8,00;1,00;6,00;8,00;1;1,00;8;2;1;0;0;1;0;0;8,00;7,00;10,00;7,00;7,00;2,00;2,00;2,00;2,00;2,00;8,00;3,00;5,00;3,00;4,00;4,00;6,00;4,00;6,00;3,00;1;12,00;5;5;5;5;5;5;5;5;5;9,00;4,00;1,00;1,00;3,00;7,00;7,00;6,00;8,00;5,00;7,00;4,00;5,00;1;26,00;2;2;2;4;-0,03238;-2,50229;0,93753;-0,33106;-1,79830;-0,69766;0,85279;1,17763;1;1;1;58,00
R_2SrwjXSXst0ccXj;1,00;8,00;5,00;10,00;2,00;10,00;9,00;3,00;6,00;10,00;5,00;1,00;6,00;2;0,00;0;2;0;0;0;0;0;1;8,00;10,00;7,00;7,00;2,00;2,00;7,00;1,00;7,00;7,00;9,00;7,00;8,00;7,00;1,00;5,00;6,00;4,00;8,00;8,00;1;10,00;8;9;9;10;7;9;5;8;9;8,00;10,00;1,00;5,00;1,00;4,00;7,00;6,00;5,00;9,00;9,00;5,00;7,00;2;21,00;1;2;1;1;0,05322;-1,52637;0,06433;0,17265;1,09447;1,07920;-1,18558;0,70569;1;4;1;19,00
R_2aPOGrZPdWPwfZp;4,00;9,00;8,00;10,00;1,00;9,00;9,00;1,00;3,00;8,00;7,00;1,00;5,00;2;2,00;0;2;1;0;0;0;0;0;10,00;9,00;9,00;2,00;9,00;2,00;10,00;9,00;2,00;1,00;2,00;2,00;1,00;4,00;3,00;6,00;5,00;2,00;9,00;3,00;2;8,00;8;8;7;10;2;9;3;7;7;7,00;10,00;3,00;1,00;1,00;9,00;8,00;7,00;7,00;6,00;9,00;10,00;2,00;2;22,00;1;2;1;2;0,16141;-2,17244;0,98309;-0,82206;1,32517;0,25799;-0,94409;0,63771;1;4;1;31,00
R_20UtxExsYT10hxf;1,00;4,00;5,00;4,00;5,00;6,00;4,00;5,00;5,00;5,00;5,00;6,00;5,00;2;2,00;1;1;1;0;0;0;0;0;7,00;8,00;7,00;8,00;6,00;7,00;6,00;6,00;7,00;7,00;5,00;6,00;7,00;7,00;6,00;6,00;7,00;8,00;7,00;7,00;1;5,00;5;5;6;6;6;6;6;5;6;6,00;6,00;5,00;4,00;3,00;5,00;4,00;5,00;6,00;3,00;6,00;6,00;5,00;1;30,00;3;1;2;2;1,07170;-1,38043;0,04052;1,43401;-0,68353;-2,32158;-0,19860;-0,65431;2;2;2;17,00
R_pRBU7Hu8i2cb9qV;3,00;6,00;4,00;2,00;3,00;9,00;5,00;6,00;7,00;9,00;3,00;1,00;5,00;2;0,00;1;2;0;1;0;0;0;0;2,00;7,00;6,00;2,00;1,00;1,00;8,00;7,00;5,00;2,00;6,00;4,00;3,00;7,00;2,00;2,00;3,00;6,00;7,00;4,00;2;8,00;4;5;8;5;6;7;4;7;6;6,00;10,00;3,00;1,00;2,00;8,00;7,00;4,00;8,00;4,00;7,00;4,00;4,00;1;21,00;1;2;1;3;-0,90278;-0,79812;-1,16325;-0,40454;-0,65123;-0,75931;-0,46001;-0,65172;4;5;2;24,00
R_YaxAopULD7p9Ng5;3,00;10,00;6,00;6,00;1,00;6,00;6,00;1,00;6,00;6,00;6,00;1,00;8,00;3;0,00;0;2;0;0;0;0;0;1;6,00;10,00;6,00;6,00;1,00;1,00;8,00;7,00;10,00;4,00;8,00;5,00;5,00;6,00;5,00;5,00;6,00;5,00;8,00;8,00;1;10,00;8;8;1;10;7;8;1;1;7;7,00;10,00;2,00;1,00;1,00;6,00;8,00;6,00;6,00;7,00;8,00;6,00;10,00;2;24,00;1;2;2;2;0,63862;-1,87647;-0,50612;-0,04233;-0,29571;-0,41186;-1,65284;1,03066;2;2;2;131,00
R_1oCmEiVuj5hMxjL;2,00;7,00;3,00;10,00;8,00;10,00;10,00;9,00;10,00;9,00;3,00;9,00;8,00;2;1,00;0;2;0;0;0;0;0;1;10,00;10,00;10,00;2,00;10,00;1,00;1,00;1,00;10,00;10,00;10,00;1,00;10,00;10,00;10,00;5,00;10,00;1,00;9,00;7,00;1;6,00;10;3;5;9;1;1;4;4;10;10,00;10,00;8,00;5,00;7,00;10,00;10,00;8,00;10,00;9,00;8,00;10,00;9,00;1;21,00;6;2;1;1;1,65022;0,17628;0,99992;-0,89353;0,41046;1,43856;-0,12547;-0,04225;4;5;3;143,00
R_RmGilVpvCJSivUl;0,00;9,00;6,00;10,00;7,00;10,00;9,00;7,00;8,00;10,00;8,00;6,00;7,50;2;0,00;0;2;1;0;0;0;0;0;7,00;10,00;8,00;3,00;4,00;1,00;4,00;5,00;7,00;7,00;8,00;8,00;7,00;4,00;1,00;3,00;8,00;7,00;8,00;7,00;1;7,00;5;6;5;10;5;6;5;5;5;7,00;10,00;5,00;1,00;1,00;7,00;8,00;8,00;8,00;6,00;9,00;4,00;6,00;2;20,00;1;3;1;1;-0,75459;0,56323;0,03020;0,23256;1,02118;1,02171;-0,38020;0,77737;4;5;3;49,00
R_1JDXocAvXhKkvmf;0,00;10,00;7,00;8,00;10,00;10,00;10,00;10,00;10,00;10,00;8,00;3,00;4,00;2;0,00;0;1;1;0;0;0;0;0;10,00;7,00;8,00;4,00;7,00;2,00;2,00;7,00;9,00;8,00;6,00;9,00;8,00;7,00;2,00;6,00;8,00;3,00;10,00;3,00;2;7,00;7;6;8;5;7;4;8;5;6;7,00;10,00;8,00;2,00;4,00;7,00;8,00;9,00;8,00;9,00;6,00;1,00;8,00;2;20,00;1;3;1;1;0,50753;1,64295;0,26458;-0,85429;0,58474;0,65255;-0,52153;1,60257;3;3;3;73,00
R_Z3MOGZ44j2Ot4Dn;3,00;6,00;8,00;9,00;6,00;9,00;10,00;7,00;9,00;7,00;7,00;6,00;8,00;3;1,00;0;1;1;0;1;1;0;0;5,00;10,00;8,00;7,00;4,00;1,00;6,00;6,00;8,00;6,00;8,00;6,00;8,00;6,00;8,00;6,00;3,00;5,00;8,00;6,00;1;8,00;6;8;10;10;6;8;7;7;7;8,00;10,00;1,00;6,00;8,00;7,00;9,00;9,00;10,00;7,00;10,00;7,00;10,00;2;21,00;1;2;1;2;0,45588;-0,26394;-0,18369;0,27441;1,09226;0,12819;0,29108;-0,41147;4;5;3;22,00
R_3LjRyWDQF7UaSLi;4,00;8,00;8,00;7,00;7,00;8,00;10,00;8,00;8,00;8,00;8,00;3,00;7,00;3;2,00;3;2;1;0;0;0;0;0;9,00;10,00;10,00;7,00;8,00;6,00;7,00;7,00;9,00;5,00;6,00;4,00;9,00;6,00;6,00;6,00;6,00;8,00;8,00;9,00;1;5,00;8;6;7;9;5;5;5;9;6;8,00;10,00;6,00;2,00;4,00;7,00;8,00;8,00;9,00;8,00;5,00;7,00;8,00;2;22,00;3;2;1;1;1,04900;-0,06593;0,67745;1,30140;0,27938;0,65526;-0,49349;0,01814;3;3;3;123,00
R_qPHf7ZqWBDZOAtr;1,00;8,00;4,00;7,00;4,00;7,00;9,00;6,00;7,00;10,00;6,00;2,00;9,00;2;0,00;0;2;1;0;0;0;0;0;3,00;10,00;8,00;2,00;2,00;1,00;9,00;8,00;2,00;2,00;7,00;7,00;4,00;3,00;1,00;6,00;6,00;9,00;8,00;8,00;2;10,00;8;7;6;9;6;7;8;8;8;7,00;10,00;1,00;1,00;4,00;5,00;7,00;7,00;8,00;9,00;8,00;8,00;8,00;1;21,00;1;2;1;1;-0,77882;-0,40263;-0,82103;0,74628;-0,24296;1,42679;-1,37687;0,28596;4;5;4;26,00
R_b2fwBTs7Tad0Dol;2,00;6,00;7,00;6,00;10,00;9,00;7,00;10,00;8,00;10,00;9,00;7,00;8,00;2;0,00;0;2;1;0;0;0;0;0;8,00;9,00;7,00;6,00;6,00;1,00;3,00;4,00;3,00;7,00;9,00;7,00;9,00;3,00;5,00;4,00;7,00;5,00;8,00;6,00;1;6,00;5;4;3;7;2;10;2;8;5;7,00;10,00;5,00;1,00;1,00;5,00;8,00;8,00;8,00;8,00;9,00;10,00;8,00;1;20,00;1;2;1;1;-0,24326;1,36877;0,28457;0,17831;-0,11381;0,17679;0,43570;-0,86612;4;5;4;139,00
R_2rItcBqGvjN2ZRS;9,00;1,00;10,00;8,00;6,00;9,00;4,00;7,00;3,00;9,00;6,00;10,00;7,00;2;12,00;0;2;1;0;0;0;0;0;10,00;10,00;10,00;10,00;10,00;10,00;10,00;6,00;7,00;4,00;2,00;6,00;5,00;4,00;10,00;3,00;4,00;9,00;8,00;10,00;1;7,00;10;10;5;7;2;10;7;6;5;1,00;10,00;1,00;1,00;1,00;10,00;5,00;6,00;5,00;4,00;7,00;9,00;10,00;1;25,00;1;2;1;1;0,67618;-1,41559;2,32883;2,17459;0,65966;-1,34364;1,56378;-4,55032;4;5;4;145,00
R_2aXgq0ElRncPFr9;2,00;6,00;8,00;8,00;7,00;10,00;7,00;7,00;4,00;7,00;8,00;4,00;8,00;2;1,00;1;2;1;0;0;0;0;0;6,00;8,00;4,00;2,00;6,00;2,00;6,00;5,00;3,00;4,00;6,00;6,00;8,00;6,00;2,00;5,00;5,00;6,00;9,00;5,00;2;7,00;6;6;3;8;2;6;2;5;5;8,00;10,00;6,00;1,00;2,00;9,00;9,00;2,00;2,00;10,00;2,00;1,00;8,00;1;23,00;1;2;2;2;-0,12148;-0,33608;-0,81885;0,19768;1,22443;-0,53315;-0,40968;-0,77429;4;5;4;148,00
R_AhYQ7zdoWkXKoMh;5,00;8,00;7,00;10,00;8,00;10,00;9,00;8,00;8,00;8,00;8,00;7,00;5,00;3;0,00;1;1;1;0;0;0;0;0;6,00;7,00;7,00;4,00;2,00;1,00;4,00;2,00;7,00;8,00;7,00;5,00;8,00;5,00;3,00;6,00;7,00;3,00;8,00;6,00;1;8,00;6;7;8;7;9;6;4;4;7;8,00;10,00;1,00;1,00;1,00;8,00;9,00;10,00;7,00;6,00;7,00;3,00;7,00;1;20,00;1;1;1;4;0,43231;0,51405;-0,70342;-0,94223;0,83737;0,80426;0,34395;-0,52295;4;5;4;66,00
R_3FX4x65GiIfZV88;2,00;8,00;4,00;2,00;3,00;6,00;6,00;3,00;3,00;9,00;8,00;1,00;20,00;1;1,00;2;2;1;1;0;1;0;0;9,00;6,00;7,00;2,00;5,00;2,00;3,00;2,00;7,00;8,00;6,00;5,00;7,00;2,00;6,00;3,00;5,00;3,00;7,00;8,00;2;6,00;5;4;7;7;5;6;6;4;5;9,00;7,00;7,00;1,00;1,00;6,00;7,00;8,00;7,00;5,00;8,00;7,00;3,00;1;19,00;2;1;1;3;-0,47537;-0,92620;-0,12994;-0,02989;-2,00668;-0,03348;-0,71244;0,21948;1;1;5;67,00
R_3PbrjD9oIvgFc1i;0,00;9,00;4,00;5,00;7,00;10,00;9,00;9,00;7,00;9,00;9,00;10,00;7,00;1;0,00;3;2;0;0;0;0;1;0;10,00;8,00;10,00;6,00;10,00;1,00;10,00;10,00;3,00;1,00;10,00;7,00;9,00;1,00;1,00;1,00;2,00;10,00;10,00;1,00;1;12,00;10;8;1;8;3;4;3;6;5;10,00;2,00;6,00;1,00;1,00;7,00;8,00;10,00;9,00;10,00;8,00;4,00;8,00;1;20,00;2;1;1;3;-2,23644;0,67368;1,85646;0,73332;0,18131;-0,43642;1,07149;0,67086;5;6;5;120,00
R_3gZ8zeHAO3G67ry;1,00;10,00;7,00;4,00;9,00;10,00;8,00;6,00;10,00;9,00;7,00;5,00;10,00;1;1,00;10;2;1;1;0;0;0;0;10,00;5,00;9,00;4,00;10,00;1,00;6,00;1,00;6,00;8,00;8,00;6,00;1,00;1,00;1,00;4,00;10,00;10,00;10,00;10,00;1;13,00;7;1;1;10;1;10;4;4;1;8,00;10,00;1,00;1,00;1,00;9,00;10,00;7,00;10,00;10,00;3,00;1,00;3,00;1;19,00;1;1;1;5;-0,47669;1,47108;0,20718;0,99808;-0,79342;0,52228;-1,00709;1,31076;5;6;5;165,00
R_2fvS3e0kewmDNs2;0,00;8,00;9,00;3,00;5,00;5,00;10,00;2,00;9,00;10,00;8,00;5,00;8,00;1;0,00;0;2;1;0;0;0;0;0;7,00;8,00;9,00;1,00;2,00;1,00;2,00;5,00;10,00;7,00;9,00;5,00;8,00;2,00;3,00;1,00;5,00;9,00;7,00;8,00;1;10,00;8;3;6;9;4;10;7;8;6;7,00;10,00;5,00;1,00;1,00;5,00;9,00;7,00;8,00;10,00;7,00;4,00;9,00;2;22,00;1;1;2;2;-1,56523;0,28282;-0,26969;0,46138;-1,31013;0,79627;0,44459;1,06504;1;1;5;169,00
R_1hFRx2gKDdOIJrW;3,00;6,00;5,00;2,00;1,00;6,00;8,00;4,00;6,00;9,00;5,00;7,00;8,00;1;1,00;1;1;0;0;0;0;0;1;7,00;8,00;10,00;1,00;2,00;1,00;5,00;1,00;9,00;9,00;9,00;1,00;10,00;5,00;6,00;1,00;9,00;4,00;10,00;2,00;1;12,00;8;5;2;9;4;10;3;4;7;8,00;10,00;7,00;1,00;4,00;10,00;7,00;6,00;10,00;7,00;8,00;8,00;7,00;2;21,00;1;3;1;1;-0,39582;-0,64994;1,26905;-1,69363;-1,35041;-0,40561;-0,44211;-0,58148;4;5;5;88,00
R_3hEHJfSDTzUoNpM;3,00;10,00;8,00;4,00;7,00;8,00;6,00;8,00;8,00;10,00;8,00;8,00;8,00;2;5,00;2;2;0;0;0;0;0;1;6,00;8,00;8,00;10,00;3,00;3,00;5,00;7,00;9,00;8,00;10,00;1,00;2,00;4,00;8,00;1,00;8,00;1,00;10,00;8,00;1;10,00;9;8;10;10;9;10;10;9;9;8,00;10,00;3,00;1,00;1,00;10,00;10,00;7,00;8,00;8,00;9,00;6,00;7,00;1;24,00;1;1;1;4;0,39437;1,13488;0,98468;-0,43019;-1,08204;-0,44163;0,05513;0,04401;4;5;5;11,00
R_1GwaAZqLf4MqDv7;0,00;7,00;1,00;2,00;1,00;10,00;5,00;3,00;7,00;7,00;7,00;5,00;7,00;2;0,00;0;2;1;0;0;0;0;0;10,00;8,00;10,00;4,00;7,00;1,00;1,00;1,00;8,00;1,00;4,00;6,00;6,00;9,00;2,00;1,00;1,00;1,00;10,00;1,00;2;7,00;5;2;6;9;3;5;4;6;3;7,00;10,00;2,00;1,00;5,00;4,00;8,00;6,00;8,00;7,00;9,00;7,00;9,00;1;23,00;1;2;2;1;-1,22964;-0,89520;1,54107;-0,55427;-0,40944;-1,83173;-0,54703;0,69391;5;6;5;23,00
R_R2YrOCvvW9k3Jzr;3,00;8,00;8,00;7,00;3,00;7,00;9,00;10,00;8,00;10,00;8,00;6,00;8,00;2;1,00;2;1;0;0;0;0;0;1;7,00;6,00;8,00;9,00;5,00;1,00;1,00;1,00;7,00;8,00;10,00;3,00;5,00;4,00;9,00;2,00;7,00;1,00;10,00;2,00;1;10,00;8;3;4;7;2;10;5;9;6;8,00;10,00;2,00;1,00;1,00;3,00;9,00;8,00;9,00;10,00;7,00;5,00;9,00;1;23,00;1;3;1;2;0,34548;1,10107;1,10423;-1,68987;-0,47468;-0,83450;0,22437;0,09150;4;5;5;94,00
R_W2sdzrbk5JfCBup;1,00;10,00;3,00;10,00;1,00;10,00;10,00;5,00;6,00;10,00;9,00;1,00;8,00;2;0,00;0;2;0;0;0;1;0;0;9,00;10,00;10,00;1,00;1,00;1,00;7,00;1,00;1,00;1,00;10,00;1,00;10,00;1,00;2,00;1,00;4,00;8,00;10,00;1,00;1;10,00;7;4;4;10;5;9;3;3;3;9,00;10,00;1,00;2,00;9,00;10,00;10,00;7,00;7,00;10,00;10,00;4,00;10,00;2;22,00;1;3;1;1;-2,01253;-0,53223;1,22751;-0,56933;1,36102;0,40532;-1,52533;1,06191;5;6;5;152,00
R_3EcejvEJBthlKaM;1,00;9,00;3,00;8,00;5,00;7,00;10,00;9,00;8,00;8,00;8,00;5,00;8,00;3;0,00;1;1;0;1;0;0;0;0;9,00;9,00;9,00;3,00;5,00;5,00;9,00;2,00;10,00;10,00;9,00;5,00;9,00;7,00;1,00;1,00;9,00;1,00;9,00;8,00;1;8,00;9;3;4;8;4;8;5;10;4;9,00;10,00;7,00;1,00;1,00;3,00;8,00;9,00;9,00;8,00;9,00;5,00;5,00;1;19,00;1;1;1;1;0,16592;0,63653;0,57285;-0,51683;-0,41112;0,65671;-0,97879;0,81865;5;6;5;129,00